student_id,city,age,gender,platform_usage_months,subscription_plan,monthly_logins,avg_study_session_minutes,monthly_study_minutes,engagement_level,subscription_renewed
STUDENT-000000,Skopje,20.0,Female,34.0,Quarterly,,88.0,365.0,High,1
STUDENT-000001,Veles,30.0,Female,21.0,Annually,10.0,,535.0,Moderate,1
STUDENT-000002,,25.0,Male,1.0,Annually,9.0,65.0,,Moderate,1
STUDENT-000003,Prilep,23.0,Male,19.0,Quarterly,11.0,,359.0,High,1
STUDENT-000004,,24.0,Female,23.0,Monthly,5.0,72.0,348.0,High,0
STUDENT-000005,Veles,26.0,Male,31.0,Quarterly,,77.0,617.0,Moderate,1
STUDENT-000006,Skopje,28.0,Female,15.0,Monthly,5.0,44.0,168.0,Moderate,1
STUDENT-000007,Kumanovo,19.0,Female,29.0,Monthly,7.0,52.0,336.0,Moderate,1
STUDENT-000008,Bitola,18.0,Male,22.0,Monthly,5.0,,293.0,Moderate,1
STUDENT-000009,Skopje,31.0,Female,4.0,Monthly,5.0,60.0,410.0,Moderate,1
STUDENT-000010,Tetovo,22.0,Female,3.0,Monthly,,66.0,186.0,High,1
STUDENT-000011,Stip,18.0,Male,,Quarterly,6.0,55.0,297.0,Moderate,1
STUDENT-000012,Kumanovo,27.0,Female,,Monthly,10.0,87.0,,High,1
STUDENT-000013,Veles,27.0,Female,23.0,Monthly,5.0,,190.0,Moderate,0
STUDENT-000014,Kumanovo,18.0,Male,37.0,Monthly,6.0,100.0,,Moderate,1
STUDENT-000015,Veles,26.0,Female,32.0,Quarterly,4.0,78.0,343.0,Moderate,1
STUDENT-000016,Tetovo,29.0,Male,,Quarterly,5.0,72.0,320.0,High,1
STUDENT-000017,Bitola,27.0,Female,9.0,Monthly,,44.0,,High,1
STUDENT-000018,Veles,,Female,40.0,Monthly,,73.0,768.0,Moderate,1
STUDENT-000019,Prilep,18.0,Female,26.0,Annually,7.0,69.0,644.0,Moderate,1
STUDENT-000020,Tetovo,,,15.0,Quarterly,7.0,30.0,,Very High,0
STUDENT-000021,Ohrid,23.0,,11.0,Monthly,10.0,38.0,473.0,Moderate,1
STUDENT-000022,Bitola,22.0,Male,23.0,Quarterly,8.0,65.0,626.0,High,1
STUDENT-000023,Stip,30.0,Male,1.0,Annually,6.0,58.0,480.0,Moderate,1
STUDENT-000024,Veles,33.0,Male,28.0,Annually,7.0,52.0,,Moderate,1
STUDENT-000025,Kumanovo,35.0,Female,8.0,Monthly,7.0,76.0,479.0,High,1
STUDENT-000026,Prilep,32.0,Male,24.0,Quarterly,5.0,46.0,340.0,High,0
STUDENT-000027,Veles,24.0,Male,13.0,Monthly,4.0,53.0,,Moderate,0
STUDENT-000028,Tetovo,27.0,Female,16.0,Quarterly,,50.0,338.0,,0
STUDENT-000029,Prilep,29.0,Male,10.0,Monthly,7.0,67.0,408.0,High,1
STUDENT-000030,Prilep,25.0,Male,18.0,Monthly,5.0,34.0,,,1
STUDENT-000031,Bitola,25.0,Male,42.0,Monthly,3.0,52.0,,Moderate,0
STUDENT-000032,,29.0,Male,36.0,Annually,8.0,34.0,186.0,,1
STUDENT-000033,Tetovo,24.0,Female,,Monthly,2.0,55.0,,High,0
STUDENT-000034,Stip,20.0,Male,19.0,Annually,5.0,70.0,,High,1
STUDENT-000035,Skopje,22.0,Male,,Monthly,9.0,71.0,702.0,,1
STUDENT-000036,Veles,28.0,Female,33.0,Quarterly,,49.0,,Moderate,1
STUDENT-000037,Veles,25.0,Female,10.0,Annually,6.0,67.0,436.0,Moderate,1
STUDENT-000038,Ohrid,27.0,Female,,Monthly,6.0,57.0,370.0,,0
STUDENT-000039,Kumanovo,29.0,Female,1.0,Quarterly,4.0,80.0,307.0,High,1
STUDENT-000040,Bitola,22.0,Female,33.0,Quarterly,12.0,58.0,755.0,High,1
STUDENT-000041,Veles,29.0,Male,44.0,Monthly,7.0,30.0,237.0,,1
STUDENT-000042,Kumanovo,27.0,Female,20.0,Monthly,9.0,73.0,,,1
STUDENT-000043,,,Female,1.0,Monthly,3.0,53.0,57.0,Moderate,0
STUDENT-000044,,33.0,Male,27.0,Quarterly,7.0,55.0,416.0,Moderate,1
STUDENT-000045,Stip,21.0,,9.0,Monthly,7.0,65.0,379.0,Moderate,1
STUDENT-000046,Prilep,18.0,Male,12.0,Monthly,8.0,38.0,326.0,,0
STUDENT-000047,Stip,18.0,Female,27.0,Quarterly,6.0,61.0,370.0,Moderate,1
STUDENT-000048,Kumanovo,18.0,Female,23.0,Monthly,4.0,68.0,190.0,,0
STUDENT-000049,Veles,25.0,,14.0,Monthly,4.0,65.0,275.0,Moderate,1
STUDENT-000050,Veles,23.0,Male,12.0,Quarterly,5.0,51.0,266.0,,0
STUDENT-000051,Bitola,22.0,Male,21.0,Annually,,74.0,603.0,Moderate,1
STUDENT-000052,Ohrid,28.0,Male,15.0,Monthly,12.0,45.0,548.0,Moderate,1
STUDENT-000053,Prilep,27.0,Female,6.0,Annually,2.0,50.0,60.0,High,0
STUDENT-000054,Prilep,,Female,16.0,Monthly,8.0,57.0,491.0,Moderate,1
STUDENT-000055,Skopje,27.0,,24.0,Monthly,5.0,64.0,278.0,Moderate,1
STUDENT-000056,Tetovo,28.0,Female,17.0,Annually,6.0,55.0,,,1
STUDENT-000057,Bitola,18.0,Female,3.0,Quarterly,4.0,,352.0,Moderate,0
STUDENT-000058,Kumanovo,22.0,Female,31.0,Quarterly,,64.0,,Moderate,1
STUDENT-000059,Kumanovo,,Male,1.0,Quarterly,7.0,61.0,463.0,,1
STUDENT-000060,Stip,25.0,Male,14.0,Quarterly,9.0,63.0,,,1
STUDENT-000061,Kumanovo,24.0,Male,,Monthly,4.0,70.0,,Moderate,1
STUDENT-000062,Ohrid,31.0,Male,,Quarterly,4.0,63.0,,High,0
STUDENT-000063,Stip,32.0,Male,26.0,Annually,4.0,,,High,0
STUDENT-000064,Prilep,26.0,Male,33.0,Quarterly,5.0,76.0,415.0,Moderate,1
STUDENT-000065,Ohrid,21.0,Female,,Annually,5.0,61.0,431.0,Moderate,1
STUDENT-000066,Stip,27.0,Male,27.0,Annually,4.0,70.0,288.0,Moderate,1
STUDENT-000067,Ohrid,21.0,Female,22.0,Monthly,7.0,,388.0,High,1
STUDENT-000068,Skopje,24.0,Female,1.0,Monthly,6.0,32.0,214.0,High,1
STUDENT-000069,,30.0,Female,,Quarterly,7.0,,221.0,Moderate,0
STUDENT-000070,Veles,21.0,Female,2.0,Monthly,9.0,,546.0,Moderate,1
STUDENT-000071,Bitola,29.0,Male,25.0,Quarterly,,67.0,83.0,Moderate,0
STUDENT-000072,Prilep,29.0,Female,24.0,Monthly,9.0,79.0,652.0,Moderate,1
STUDENT-000073,Bitola,19.0,Male,23.0,Annually,7.0,64.0,428.0,Moderate,0
STUDENT-000074,Kumanovo,30.0,Female,14.0,Monthly,7.0,44.0,412.0,Moderate,1
STUDENT-000075,Prilep,29.0,Male,29.0,Quarterly,,,349.0,Moderate,1
STUDENT-000076,Ohrid,,Male,1.0,Monthly,7.0,,,Moderate,1
STUDENT-000077,Bitola,20.0,Female,19.0,Quarterly,9.0,,424.0,Moderate,1
STUDENT-000078,Tetovo,19.0,Female,13.0,Monthly,8.0,91.0,774.0,High,1
STUDENT-000079,Kumanovo,21.0,Male,11.0,Monthly,4.0,,413.0,High,1
STUDENT-000080,Stip,28.0,Female,25.0,Quarterly,3.0,92.0,361.0,High,1
STUDENT-000081,,19.0,Male,32.0,Monthly,,65.0,278.0,,1
STUDENT-000082,Bitola,27.0,Female,15.0,Quarterly,5.0,54.0,242.0,Moderate,0
STUDENT-000083,Veles,,Male,29.0,Monthly,3.0,65.0,203.0,Moderate,0
STUDENT-000084,Kumanovo,23.0,Male,,Monthly,10.0,,709.0,,1
STUDENT-000085,Kumanovo,25.0,Male,9.0,Monthly,4.0,50.0,351.0,Moderate,1
STUDENT-000086,Skopje,39.0,Male,16.0,Annually,8.0,,312.0,High,0
STUDENT-000087,,18.0,Male,16.0,Annually,5.0,55.0,303.0,Moderate,0
STUDENT-000088,Veles,33.0,Male,11.0,Monthly,3.0,48.0,53.0,High,0
STUDENT-000089,Veles,25.0,Male,25.0,Monthly,10.0,78.0,,Moderate,1
STUDENT-000090,Prilep,27.0,Male,22.0,Monthly,5.0,50.0,,,1
STUDENT-000091,Veles,25.0,Female,1.0,Quarterly,5.0,61.0,345.0,High,0
STUDENT-000092,Veles,27.0,Male,1.0,Monthly,7.0,,560.0,Moderate,1
STUDENT-000093,Prilep,24.0,Female,25.0,Monthly,6.0,79.0,,,1
STUDENT-000094,Stip,33.0,Female,10.0,Monthly,8.0,63.0,584.0,Moderate,1
STUDENT-000095,Ohrid,22.0,Male,23.0,Monthly,5.0,65.0,321.0,Moderate,1
STUDENT-000096,Bitola,31.0,Female,29.0,Monthly,1.0,44.0,0.0,Moderate,0
STUDENT-000097,Kumanovo,21.0,Male,4.0,Monthly,2.0,75.0,100.0,Moderate,0
STUDENT-000098,Kumanovo,24.0,Male,,Quarterly,3.0,78.0,252.0,Moderate,1
STUDENT-000099,Bitola,18.0,Female,40.0,Monthly,,31.0,195.0,Moderate,0
STUDENT-000100,Veles,27.0,Female,24.0,Monthly,,86.0,,Moderate,1
STUDENT-000101,Bitola,33.0,Female,14.0,Quarterly,3.0,49.0,,Moderate,1
STUDENT-000102,Veles,24.0,Male,,Quarterly,7.0,,,Moderate,1
STUDENT-000103,,23.0,Female,13.0,Annually,9.0,61.0,460.0,High,0
STUDENT-000104,Veles,18.0,Male,5.0,Annually,6.0,59.0,318.0,Moderate,0
STUDENT-000105,Veles,23.0,Male,30.0,Monthly,,56.0,271.0,High,1
STUDENT-000106,Veles,,Male,,Annually,,45.0,167.0,,1
STUDENT-000107,Kumanovo,19.0,Female,33.0,Quarterly,5.0,67.0,409.0,Moderate,1
STUDENT-000108,Prilep,26.0,Male,15.0,Quarterly,3.0,55.0,147.0,High,1
STUDENT-000109,,32.0,Female,7.0,Monthly,1.0,40.0,46.0,High,1
STUDENT-000110,Ohrid,41.0,Female,14.0,Monthly,6.0,44.0,303.0,Moderate,0
STUDENT-000111,Veles,21.0,Female,1.0,Monthly,6.0,40.0,219.0,Moderate,1
STUDENT-000112,,33.0,,18.0,Monthly,7.0,52.0,386.0,Moderate,1
STUDENT-000113,Prilep,26.0,Female,17.0,Quarterly,5.0,67.0,350.0,,1
STUDENT-000114,Tetovo,24.0,Male,29.0,Monthly,10.0,,422.0,,1
STUDENT-000115,Tetovo,27.0,Male,1.0,Quarterly,7.0,74.0,490.0,Moderate,1
STUDENT-000116,Skopje,25.0,Female,33.0,Monthly,5.0,58.0,,Moderate,1
STUDENT-000117,Bitola,25.0,Male,29.0,Monthly,4.0,55.0,296.0,Moderate,1
STUDENT-000118,Bitola,22.0,Male,35.0,Quarterly,5.0,60.0,376.0,Moderate,1
STUDENT-000119,Skopje,18.0,Male,19.0,Quarterly,6.0,80.0,605.0,Moderate,1
STUDENT-000120,Prilep,18.0,Male,32.0,Annually,7.0,39.0,,,1
STUDENT-000121,Kumanovo,28.0,,2.0,Quarterly,,84.0,311.0,Moderate,1
STUDENT-000122,Kumanovo,23.0,Male,28.0,Quarterly,8.0,74.0,,Moderate,1
STUDENT-000123,Prilep,21.0,Female,10.0,Annually,,59.0,,Moderate,1
STUDENT-000124,Veles,25.0,Male,1.0,Monthly,2.0,77.0,129.0,,0
STUDENT-000125,,29.0,,6.0,Quarterly,5.0,,,,0
STUDENT-000126,Skopje,26.0,Female,20.0,Quarterly,5.0,64.0,345.0,Very High,1
STUDENT-000127,Veles,21.0,Male,10.0,Monthly,3.0,51.0,82.0,Low,0
STUDENT-000128,Tetovo,32.0,Female,24.0,Monthly,8.0,74.0,657.0,Moderate,1
STUDENT-000129,Kumanovo,34.0,Female,1.0,Monthly,,49.0,,,1
STUDENT-000130,Tetovo,27.0,,1.0,Monthly,5.0,59.0,,High,1
STUDENT-000131,Tetovo,30.0,Male,36.0,Quarterly,,70.0,418.0,High,0
STUDENT-000132,Skopje,32.0,Male,30.0,Monthly,4.0,75.0,,Moderate,1
STUDENT-000133,Tetovo,31.0,Male,7.0,Quarterly,5.0,,,Moderate,0
STUDENT-000134,Veles,28.0,Female,19.0,Monthly,4.0,71.0,402.0,,1
STUDENT-000135,Ohrid,28.0,Female,32.0,Monthly,11.0,45.0,,Very High,1
STUDENT-000136,Tetovo,28.0,Female,25.0,Monthly,3.0,,0.0,Moderate,0
STUDENT-000137,Skopje,18.0,,21.0,Monthly,8.0,48.0,,Low,0
STUDENT-000138,,29.0,Female,33.0,Annually,4.0,72.0,,Moderate,1
STUDENT-000139,Prilep,18.0,Female,11.0,Monthly,5.0,59.0,245.0,Moderate,1
STUDENT-000140,Stip,20.0,Male,20.0,Monthly,7.0,51.0,394.0,High,1
STUDENT-000141,Bitola,,Female,19.0,Monthly,7.0,60.0,,Moderate,0
STUDENT-000142,Ohrid,,Male,16.0,Monthly,,60.0,,Moderate,1
STUDENT-000143,Prilep,33.0,Male,15.0,Quarterly,4.0,69.0,206.0,High,0
STUDENT-000144,Stip,23.0,Female,20.0,Annually,5.0,35.0,226.0,Moderate,0
STUDENT-000145,Veles,18.0,Female,20.0,Monthly,10.0,58.0,478.0,Moderate,0
STUDENT-000146,Skopje,23.0,Male,7.0,Quarterly,,61.0,323.0,,1
STUDENT-000147,Bitola,25.0,Female,29.0,Quarterly,5.0,39.0,166.0,High,0
STUDENT-000148,Veles,25.0,Male,8.0,Annually,3.0,,208.0,Moderate,1
STUDENT-000149,Skopje,31.0,Male,17.0,Quarterly,3.0,54.0,111.0,High,1
STUDENT-000150,Veles,22.0,Male,16.0,Monthly,6.0,60.0,475.0,Moderate,1
STUDENT-000151,Ohrid,27.0,Female,24.0,Monthly,4.0,60.0,182.0,Moderate,0
STUDENT-000152,Stip,19.0,Female,,Annually,5.0,51.0,147.0,Moderate,0
STUDENT-000153,Ohrid,27.0,,30.0,Quarterly,5.0,51.0,257.0,,1
STUDENT-000154,Prilep,25.0,Male,11.0,Annually,7.0,54.0,,Moderate,1
STUDENT-000155,Kumanovo,20.0,Male,34.0,Monthly,8.0,64.0,,Moderate,1
STUDENT-000156,Bitola,23.0,Male,14.0,Monthly,6.0,78.0,537.0,High,1
STUDENT-000157,,23.0,Female,19.0,Annually,6.0,30.0,228.0,Moderate,0
STUDENT-000158,Tetovo,23.0,Female,42.0,Quarterly,2.0,69.0,88.0,Moderate,0
STUDENT-000159,Veles,35.0,Female,16.0,Quarterly,4.0,,277.0,Moderate,1
STUDENT-000160,Stip,24.0,Male,34.0,Quarterly,2.0,67.0,,High,1
STUDENT-000161,Kumanovo,23.0,Female,,Annually,9.0,77.0,,High,1
STUDENT-000162,Prilep,18.0,,24.0,Quarterly,5.0,48.0,250.0,Moderate,0
STUDENT-000163,,19.0,Male,,Quarterly,1.0,74.0,70.0,High,1
STUDENT-000164,Prilep,23.0,Female,30.0,Monthly,4.0,,248.0,Moderate,1
STUDENT-000165,Veles,20.0,Female,11.0,Monthly,9.0,61.0,518.0,,1
STUDENT-000166,,33.0,Female,,Annually,5.0,56.0,246.0,High,0
STUDENT-000167,Bitola,24.0,Female,12.0,Quarterly,6.0,60.0,,Moderate,1
STUDENT-000168,Ohrid,32.0,Female,21.0,Monthly,1.0,,158.0,Moderate,0
STUDENT-000169,Skopje,25.0,,17.0,Monthly,4.0,66.0,,Low,1
STUDENT-000170,Skopje,25.0,Male,28.0,Annually,7.0,83.0,658.0,Moderate,1
STUDENT-000171,,24.0,Male,35.0,Quarterly,7.0,45.0,253.0,Moderate,1
STUDENT-000172,Veles,25.0,Male,8.0,Monthly,6.0,62.0,402.0,Moderate,0
STUDENT-000173,Kumanovo,35.0,Male,11.0,Quarterly,6.0,72.0,447.0,Moderate,1
STUDENT-000174,,18.0,Male,2.0,Monthly,6.0,55.0,404.0,High,0
STUDENT-000175,Prilep,18.0,Male,44.0,Monthly,,80.0,545.0,Moderate,1
STUDENT-000176,,21.0,,23.0,Quarterly,6.0,,,Moderate,0
STUDENT-000177,Bitola,25.0,Female,25.0,Annually,8.0,58.0,431.0,Moderate,1
STUDENT-000178,Stip,29.0,Female,3.0,Monthly,2.0,45.0,187.0,High,0
STUDENT-000179,Tetovo,27.0,,19.0,Annually,11.0,61.0,632.0,Moderate,1
STUDENT-000180,Stip,22.0,,26.0,Annually,2.0,60.0,,Moderate,0
STUDENT-000181,Bitola,31.0,Male,,Monthly,7.0,69.0,371.0,Moderate,1
STUDENT-000182,,,Male,32.0,Monthly,8.0,50.0,,Moderate,1
STUDENT-000183,Kumanovo,26.0,Male,47.0,Quarterly,9.0,49.0,476.0,Moderate,1
STUDENT-000184,Prilep,30.0,Male,8.0,Annually,,66.0,792.0,Moderate,1
STUDENT-000185,Prilep,,Male,7.0,Monthly,6.0,80.0,,,0
STUDENT-000186,Bitola,21.0,Female,9.0,Monthly,1.0,69.0,22.0,Moderate,0
STUDENT-000187,Prilep,29.0,Female,,Quarterly,6.0,87.0,527.0,Moderate,1
STUDENT-000188,Bitola,25.0,,32.0,Quarterly,,68.0,,,1
STUDENT-000189,Ohrid,,Male,18.0,Quarterly,7.0,67.0,421.0,Moderate,1
STUDENT-000190,Kumanovo,33.0,Female,20.0,Monthly,,,,Moderate,1
STUDENT-000191,Kumanovo,18.0,Female,10.0,Monthly,7.0,82.0,558.0,Moderate,1
STUDENT-000192,Tetovo,18.0,,30.0,Monthly,,78.0,312.0,Moderate,1
STUDENT-000193,Ohrid,18.0,Female,15.0,Annually,,43.0,223.0,High,1
STUDENT-000194,Stip,22.0,Female,16.0,Annually,5.0,72.0,,Moderate,1
STUDENT-000195,Skopje,23.0,Male,27.0,Annually,5.0,,320.0,Moderate,0
STUDENT-000196,Ohrid,18.0,Male,17.0,Monthly,8.0,57.0,431.0,Moderate,0
STUDENT-000197,Skopje,19.0,Female,17.0,Quarterly,5.0,33.0,221.0,Moderate,1
STUDENT-000198,Ohrid,19.0,Male,20.0,Monthly,3.0,36.0,38.0,High,0
STUDENT-000199,Stip,39.0,Male,29.0,Monthly,,54.0,257.0,Moderate,1
STUDENT-000200,Ohrid,35.0,Male,39.0,Monthly,5.0,38.0,,,0
STUDENT-000201,Stip,22.0,,27.0,Annually,,,318.0,High,0
STUDENT-000202,Prilep,22.0,Male,29.0,Monthly,5.0,70.0,315.0,Very High,1
STUDENT-000203,,,Male,17.0,Quarterly,5.0,51.0,266.0,Moderate,0
STUDENT-000204,,18.0,Male,11.0,Annually,5.0,,231.0,Moderate,1
STUDENT-000205,Ohrid,24.0,Female,27.0,Quarterly,12.0,43.0,579.0,High,1
STUDENT-000206,Veles,19.0,Female,22.0,Monthly,5.0,64.0,359.0,Moderate,0
STUDENT-000207,Stip,24.0,Female,2.0,Annually,1.0,67.0,68.0,Moderate,1
STUDENT-000208,Ohrid,18.0,Male,16.0,Quarterly,7.0,38.0,,,1
STUDENT-000209,Veles,20.0,Male,19.0,Quarterly,6.0,48.0,204.0,Moderate,1
STUDENT-000210,Ohrid,25.0,Female,13.0,Quarterly,7.0,40.0,,High,0
STUDENT-000211,Kumanovo,27.0,,37.0,Annually,9.0,67.0,,Moderate,1
STUDENT-000212,Veles,27.0,Female,25.0,Quarterly,7.0,62.0,464.0,Moderate,1
STUDENT-000213,Prilep,18.0,Female,36.0,Quarterly,6.0,59.0,387.0,Moderate,1
STUDENT-000214,Kumanovo,30.0,Male,,Quarterly,6.0,,,Moderate,0
STUDENT-000215,Ohrid,20.0,Female,20.0,Monthly,8.0,64.0,556.0,Moderate,1
STUDENT-000216,Skopje,28.0,Female,8.0,Annually,,65.0,,Moderate,1
STUDENT-000217,Skopje,24.0,Male,20.0,Monthly,8.0,52.0,,High,1
STUDENT-000218,Prilep,18.0,Female,20.0,Monthly,7.0,50.0,368.0,Moderate,1
STUDENT-000219,Stip,23.0,Male,3.0,Monthly,8.0,59.0,,High,1
STUDENT-000220,Bitola,27.0,Female,13.0,Monthly,7.0,57.0,391.0,Moderate,1
STUDENT-000221,Prilep,28.0,Male,16.0,Monthly,10.0,90.0,,Moderate,1
STUDENT-000222,Kumanovo,24.0,Male,24.0,Quarterly,,54.0,372.0,Moderate,1
STUDENT-000223,,34.0,Female,25.0,Monthly,,,,High,1
STUDENT-000224,,31.0,Male,13.0,Monthly,9.0,66.0,,Moderate,1
STUDENT-000225,Ohrid,23.0,Male,25.0,Annually,6.0,81.0,458.0,Low,1
STUDENT-000226,Veles,,Female,17.0,Annually,8.0,47.0,322.0,High,1
STUDENT-000227,,36.0,Male,1.0,Quarterly,2.0,80.0,,Moderate,0
STUDENT-000228,Tetovo,36.0,Male,,Monthly,6.0,57.0,,Moderate,1
STUDENT-000229,Bitola,18.0,Male,32.0,Monthly,9.0,97.0,976.0,Moderate,1
STUDENT-000230,Prilep,19.0,Male,1.0,Monthly,,65.0,307.0,Low,1
STUDENT-000231,Veles,33.0,Male,21.0,Monthly,,41.0,474.0,Moderate,1
STUDENT-000232,Skopje,18.0,Female,39.0,Annually,10.0,,,Moderate,1
STUDENT-000233,,18.0,Female,10.0,Quarterly,4.0,80.0,,Moderate,0
STUDENT-000234,Prilep,22.0,Male,20.0,Monthly,3.0,61.0,78.0,High,0
STUDENT-000235,Kumanovo,27.0,Female,4.0,Annually,8.0,59.0,457.0,Moderate,1
STUDENT-000236,Kumanovo,24.0,Female,,Monthly,9.0,70.0,679.0,Moderate,1
STUDENT-000237,Prilep,21.0,Female,19.0,Monthly,6.0,54.0,,,1
STUDENT-000238,,20.0,Female,20.0,Monthly,4.0,56.0,50.0,Moderate,0
STUDENT-000239,Kumanovo,20.0,Female,36.0,Monthly,9.0,45.0,425.0,High,1
STUDENT-000240,Bitola,19.0,Female,27.0,Monthly,6.0,85.0,507.0,Moderate,1
STUDENT-000241,Tetovo,38.0,Female,9.0,Monthly,6.0,41.0,332.0,High,0
STUDENT-000242,Skopje,26.0,Female,,Quarterly,9.0,62.0,,High,1
STUDENT-000243,Kumanovo,30.0,,25.0,Monthly,,,262.0,Moderate,0
STUDENT-000244,Kumanovo,22.0,Male,12.0,Monthly,7.0,59.0,454.0,Moderate,1
STUDENT-000245,Skopje,23.0,Female,,Quarterly,5.0,41.0,267.0,Moderate,1
STUDENT-000246,,20.0,Male,19.0,Quarterly,7.0,45.0,,Moderate,0
STUDENT-000247,,18.0,Male,2.0,Monthly,6.0,67.0,458.0,,1
STUDENT-000248,Veles,18.0,Male,39.0,Annually,7.0,48.0,,High,1
STUDENT-000249,,18.0,Male,,Quarterly,4.0,30.0,120.0,High,0
STUDENT-000250,Bitola,18.0,,9.0,Monthly,3.0,65.0,235.0,Moderate,1
STUDENT-000251,Prilep,18.0,Female,11.0,Annually,8.0,46.0,418.0,Moderate,1
STUDENT-000252,Bitola,32.0,,1.0,Monthly,10.0,69.0,709.0,Moderate,1
STUDENT-000253,Ohrid,,Male,6.0,Monthly,,56.0,271.0,High,1
STUDENT-000254,,32.0,Male,32.0,Quarterly,1.0,,0.0,Moderate,0
STUDENT-000255,,27.0,,46.0,Monthly,8.0,60.0,,High,1
STUDENT-000256,Kumanovo,29.0,Female,28.0,Quarterly,,42.0,,Moderate,1
STUDENT-000257,Skopje,,Female,18.0,Monthly,5.0,47.0,261.0,High,0
STUDENT-000258,Bitola,28.0,Female,14.0,Monthly,6.0,56.0,350.0,Moderate,0
STUDENT-000259,Tetovo,29.0,Female,8.0,Monthly,3.0,42.0,125.0,Moderate,0
STUDENT-000260,Veles,21.0,Female,44.0,Monthly,,,298.0,High,1
STUDENT-000261,Bitola,28.0,Female,17.0,Annually,11.0,55.0,,Moderate,1
STUDENT-000262,Ohrid,,Female,45.0,Quarterly,8.0,38.0,,High,1
STUDENT-000263,Stip,21.0,Male,,Quarterly,6.0,51.0,356.0,High,1
STUDENT-000264,Stip,18.0,,1.0,Monthly,13.0,,771.0,Moderate,1
STUDENT-000265,Tetovo,18.0,Female,12.0,Quarterly,11.0,53.0,609.0,High,0
STUDENT-000266,Prilep,25.0,Male,,Monthly,10.0,65.0,547.0,Moderate,1
STUDENT-000267,Ohrid,26.0,Male,19.0,Monthly,6.0,68.0,418.0,High,0
STUDENT-000268,,20.0,Female,19.0,Quarterly,3.0,96.0,280.0,,1
STUDENT-000269,Tetovo,25.0,Female,55.0,Quarterly,7.0,77.0,,Moderate,1
STUDENT-000270,Ohrid,28.0,Male,7.0,Annually,,35.0,303.0,Moderate,0
STUDENT-000271,Skopje,28.0,Male,22.0,Annually,11.0,54.0,646.0,Moderate,1
STUDENT-000272,Bitola,34.0,Male,27.0,Annually,10.0,56.0,536.0,Moderate,1
STUDENT-000273,,32.0,Female,19.0,Monthly,5.0,68.0,202.0,Moderate,0
STUDENT-000274,Prilep,18.0,Male,21.0,Monthly,12.0,45.0,,Moderate,1
STUDENT-000275,Prilep,35.0,Female,7.0,Monthly,6.0,52.0,323.0,Moderate,0
STUDENT-000276,Prilep,21.0,Female,21.0,Annually,6.0,41.0,255.0,High,1
STUDENT-000277,Veles,31.0,Female,26.0,Annually,5.0,50.0,259.0,Moderate,0
STUDENT-000278,Skopje,25.0,Female,23.0,Annually,7.0,51.0,,Moderate,0
STUDENT-000279,Skopje,22.0,Male,,Monthly,6.0,55.0,310.0,Moderate,1
STUDENT-000280,Ohrid,18.0,,36.0,Annually,11.0,42.0,394.0,Moderate,1
STUDENT-000281,,23.0,,31.0,Quarterly,4.0,74.0,176.0,Moderate,0
STUDENT-000282,Kumanovo,18.0,Male,20.0,Annually,3.0,67.0,194.0,Moderate,1
STUDENT-000283,Prilep,30.0,Male,5.0,Quarterly,,38.0,221.0,Moderate,1
STUDENT-000284,Prilep,34.0,Male,12.0,Monthly,,60.0,364.0,Moderate,0
STUDENT-000285,Stip,20.0,,,Monthly,8.0,36.0,157.0,Moderate,0
STUDENT-000286,Bitola,26.0,Male,23.0,Annually,4.0,80.0,,High,0
STUDENT-000287,,20.0,Female,14.0,Monthly,4.0,84.0,463.0,Moderate,1
STUDENT-000288,Tetovo,21.0,Female,8.0,Monthly,,,579.0,High,1
STUDENT-000289,Prilep,29.0,Female,5.0,Monthly,3.0,47.0,140.0,Moderate,0
STUDENT-000290,Veles,24.0,Female,1.0,Monthly,3.0,50.0,175.0,High,0
STUDENT-000291,Ohrid,35.0,Male,17.0,Annually,,53.0,189.0,Moderate,1
STUDENT-000292,Stip,22.0,Female,,Monthly,6.0,58.0,323.0,,0
STUDENT-000293,Ohrid,30.0,Female,7.0,Monthly,,,419.0,Moderate,0
STUDENT-000294,Tetovo,25.0,Male,15.0,Annually,9.0,74.0,705.0,High,1
STUDENT-000295,Tetovo,29.0,Female,3.0,Monthly,2.0,74.0,33.0,Moderate,1
STUDENT-000296,Veles,22.0,Male,24.0,Monthly,5.0,62.0,,Moderate,1
STUDENT-000297,Prilep,24.0,Male,28.0,Monthly,7.0,42.0,270.0,Moderate,1
STUDENT-000298,,24.0,Male,13.0,Monthly,3.0,48.0,,Moderate,0
STUDENT-000299,Skopje,19.0,Male,14.0,Monthly,3.0,,148.0,Moderate,0
STUDENT-000300,Ohrid,28.0,Male,,Monthly,,41.0,372.0,High,1
STUDENT-000301,,28.0,Female,11.0,Monthly,2.0,64.0,142.0,Moderate,1
STUDENT-000302,Skopje,28.0,Female,10.0,Quarterly,7.0,72.0,484.0,Moderate,0
STUDENT-000303,Stip,34.0,Male,,Annually,6.0,68.0,387.0,Very High,1
STUDENT-000304,,33.0,Female,30.0,Monthly,8.0,67.0,527.0,High,1
STUDENT-000305,Bitola,22.0,Male,27.0,Monthly,,32.0,,Moderate,0
STUDENT-000306,Ohrid,27.0,Female,31.0,Monthly,6.0,80.0,400.0,Moderate,1
STUDENT-000307,Tetovo,21.0,Male,,Annually,3.0,36.0,172.0,,0
STUDENT-000308,Ohrid,25.0,Male,36.0,Annually,6.0,57.0,,Moderate,1
STUDENT-000309,,21.0,Female,24.0,Quarterly,,69.0,,Moderate,1
STUDENT-000310,,34.0,Female,32.0,Monthly,,65.0,297.0,Moderate,1
STUDENT-000311,Kumanovo,27.0,Female,24.0,Monthly,3.0,,,Moderate,0
STUDENT-000312,Skopje,23.0,Female,,Quarterly,4.0,43.0,233.0,Moderate,1
STUDENT-000313,Ohrid,32.0,Female,16.0,Monthly,8.0,,525.0,,1
STUDENT-000314,,18.0,Male,24.0,Monthly,15.0,67.0,,Moderate,1
STUDENT-000315,Kumanovo,18.0,Male,,Annually,5.0,43.0,300.0,High,1
STUDENT-000316,Kumanovo,29.0,Male,30.0,Quarterly,2.0,,135.0,Moderate,0
STUDENT-000317,Kumanovo,25.0,Male,1.0,Quarterly,6.0,37.0,,High,1
STUDENT-000318,Stip,26.0,Male,13.0,Monthly,7.0,69.0,444.0,Moderate,0
STUDENT-000319,Veles,18.0,Female,44.0,Annually,2.0,46.0,119.0,Moderate,0
STUDENT-000320,Ohrid,24.0,Male,12.0,Quarterly,5.0,,252.0,,1
STUDENT-000321,Skopje,37.0,Female,17.0,Monthly,,58.0,269.0,Moderate,1
STUDENT-000322,Tetovo,29.0,Female,9.0,Quarterly,4.0,77.0,249.0,High,0
STUDENT-000323,,26.0,,24.0,Quarterly,5.0,,345.0,Moderate,1
STUDENT-000324,Stip,22.0,Female,11.0,Annually,7.0,51.0,311.0,Moderate,1
STUDENT-000325,Bitola,22.0,Male,17.0,Monthly,7.0,65.0,,Moderate,1
STUDENT-000326,Bitola,18.0,Male,30.0,Monthly,5.0,92.0,,Moderate,1
STUDENT-000327,Skopje,26.0,Female,11.0,Quarterly,5.0,71.0,320.0,Moderate,1
STUDENT-000328,Bitola,30.0,Female,29.0,Monthly,6.0,,,Low,1
STUDENT-000329,,18.0,,29.0,Monthly,9.0,47.0,438.0,Moderate,1
STUDENT-000330,Tetovo,21.0,Male,32.0,Monthly,6.0,50.0,290.0,Moderate,1
STUDENT-000331,Ohrid,18.0,Female,21.0,Monthly,,70.0,722.0,High,1
STUDENT-000332,Ohrid,19.0,Female,,Quarterly,5.0,,257.0,High,1
STUDENT-000333,Veles,25.0,,32.0,Quarterly,,60.0,224.0,Moderate,0
STUDENT-000334,,18.0,Male,23.0,Monthly,9.0,81.0,614.0,Moderate,1
STUDENT-000335,Veles,28.0,Female,,Monthly,3.0,62.0,118.0,Moderate,0
STUDENT-000336,Stip,29.0,Male,,Monthly,7.0,,,Moderate,1
STUDENT-000337,Ohrid,23.0,Female,37.0,Monthly,3.0,92.0,,,1
STUDENT-000338,Bitola,18.0,Male,40.0,Annually,2.0,86.0,230.0,Moderate,0
STUDENT-000339,Stip,,Female,37.0,Annually,9.0,67.0,510.0,High,1
STUDENT-000340,Kumanovo,32.0,Male,29.0,Quarterly,,79.0,129.0,High,1
STUDENT-000341,Ohrid,18.0,Male,4.0,Quarterly,1.0,55.0,,High,0
STUDENT-000342,Tetovo,22.0,Female,25.0,Monthly,8.0,70.0,,Moderate,1
STUDENT-000343,,18.0,Male,,Monthly,6.0,53.0,,Moderate,0
STUDENT-000344,Stip,29.0,,2.0,Monthly,,,145.0,,0
STUDENT-000345,Ohrid,20.0,Male,22.0,Monthly,,,385.0,Moderate,0
STUDENT-000346,Stip,27.0,Female,26.0,Monthly,6.0,38.0,310.0,High,1
STUDENT-000347,Stip,28.0,Female,30.0,Monthly,6.0,64.0,,Moderate,1
STUDENT-000348,Bitola,36.0,Female,25.0,Monthly,6.0,64.0,,High,0
STUDENT-000349,,23.0,Male,26.0,Annually,,67.0,270.0,,1
STUDENT-000350,Tetovo,27.0,Female,8.0,Annually,5.0,58.0,,High,0
STUDENT-000351,Skopje,18.0,Female,18.0,Quarterly,4.0,58.0,267.0,High,1
STUDENT-000352,Ohrid,32.0,Female,1.0,Monthly,7.0,62.0,,Low,1
STUDENT-000353,Prilep,20.0,Male,1.0,Monthly,6.0,67.0,417.0,Moderate,1
STUDENT-000354,Stip,21.0,,28.0,Quarterly,7.0,,317.0,Moderate,1
STUDENT-000355,,24.0,Male,,Quarterly,5.0,58.0,288.0,,1
STUDENT-000356,,18.0,Female,30.0,Monthly,9.0,,272.0,,1
STUDENT-000357,Stip,26.0,Female,33.0,Quarterly,,90.0,930.0,Moderate,1
STUDENT-000358,Skopje,30.0,Male,12.0,Quarterly,3.0,68.0,137.0,High,1
STUDENT-000359,,26.0,Female,27.0,Monthly,7.0,,,Moderate,1
STUDENT-000360,Veles,18.0,Female,12.0,Monthly,5.0,,,Moderate,0
STUDENT-000361,Stip,24.0,Male,1.0,Monthly,3.0,44.0,136.0,High,0
STUDENT-000362,Bitola,29.0,Male,21.0,Quarterly,5.0,72.0,322.0,High,1
STUDENT-000363,Stip,18.0,Female,14.0,Annually,5.0,57.0,272.0,High,1
STUDENT-000364,,18.0,Female,14.0,Quarterly,8.0,69.0,622.0,Moderate,1
STUDENT-000365,Tetovo,30.0,Male,43.0,Quarterly,6.0,39.0,208.0,Moderate,1
STUDENT-000366,Prilep,26.0,,1.0,Annually,7.0,83.0,582.0,Moderate,1
STUDENT-000367,Ohrid,27.0,Female,,Monthly,8.0,73.0,550.0,Moderate,0
STUDENT-000368,Skopje,36.0,Female,8.0,Quarterly,7.0,58.0,467.0,Moderate,1
STUDENT-000369,Veles,27.0,Female,30.0,Quarterly,11.0,67.0,,Moderate,1
STUDENT-000370,,28.0,Female,23.0,Quarterly,6.0,71.0,,High,1
STUDENT-000371,Kumanovo,41.0,Female,24.0,Monthly,9.0,39.0,,Moderate,1
STUDENT-000372,Prilep,23.0,Male,8.0,Monthly,8.0,85.0,665.0,Moderate,1
STUDENT-000373,Ohrid,20.0,Female,10.0,Annually,5.0,67.0,418.0,Moderate,1
STUDENT-000374,Stip,27.0,Male,,Monthly,4.0,49.0,,High,1
STUDENT-000375,Skopje,27.0,Female,41.0,Monthly,8.0,43.0,,Moderate,0
STUDENT-000376,Kumanovo,21.0,Male,25.0,Monthly,,74.0,325.0,Moderate,1
STUDENT-000377,Kumanovo,18.0,Female,9.0,Annually,7.0,63.0,548.0,Moderate,1
STUDENT-000378,Prilep,38.0,,24.0,Quarterly,12.0,67.0,875.0,High,1
STUDENT-000379,Ohrid,26.0,Male,49.0,Monthly,5.0,60.0,233.0,Moderate,1
STUDENT-000380,Skopje,20.0,Male,21.0,Monthly,9.0,44.0,379.0,Moderate,1
STUDENT-000381,Stip,30.0,Female,37.0,Monthly,,67.0,333.0,Moderate,1
STUDENT-000382,Stip,24.0,Female,11.0,Quarterly,5.0,57.0,,Moderate,0
STUDENT-000383,Bitola,23.0,Male,,Monthly,1.0,59.0,81.0,Moderate,0
STUDENT-000384,Skopje,28.0,Female,27.0,Quarterly,5.0,95.0,454.0,Moderate,1
STUDENT-000385,Skopje,18.0,Female,24.0,Quarterly,3.0,73.0,164.0,High,1
STUDENT-000386,Skopje,27.0,,10.0,Monthly,6.0,73.0,495.0,Moderate,1
STUDENT-000387,Veles,36.0,Female,,Monthly,7.0,,,Very High,1
STUDENT-000388,Stip,27.0,Male,,Annually,13.0,65.0,796.0,Moderate,1
STUDENT-000389,Bitola,22.0,Male,34.0,Quarterly,5.0,61.0,237.0,Moderate,1
STUDENT-000390,Kumanovo,21.0,Female,38.0,Annually,6.0,49.0,330.0,High,1
STUDENT-000391,Bitola,22.0,Male,41.0,Quarterly,2.0,53.0,,High,0
STUDENT-000392,Ohrid,23.0,Female,21.0,Annually,7.0,,263.0,Moderate,1
STUDENT-000393,Tetovo,22.0,Female,16.0,Monthly,9.0,71.0,591.0,,1
STUDENT-000394,Kumanovo,30.0,Female,36.0,Annually,5.0,40.0,,Moderate,1
STUDENT-000395,Veles,18.0,,28.0,Monthly,10.0,73.0,703.0,,1
STUDENT-000396,Skopje,30.0,Female,8.0,Monthly,,59.0,166.0,Low,0
STUDENT-000397,Bitola,22.0,Female,7.0,Monthly,2.0,61.0,134.0,,0
STUDENT-000398,Ohrid,27.0,Male,25.0,Monthly,,59.0,,High,0
STUDENT-000399,Ohrid,18.0,Male,17.0,Monthly,8.0,80.0,668.0,Low,1
STUDENT-000400,,,Female,19.0,Annually,3.0,78.0,,High,0
STUDENT-000401,Veles,32.0,Male,32.0,Annually,4.0,59.0,197.0,High,1
STUDENT-000402,Ohrid,30.0,Male,29.0,Monthly,5.0,46.0,300.0,Moderate,1
STUDENT-000403,Stip,18.0,Male,35.0,Annually,10.0,73.0,,Moderate,1
STUDENT-000404,Prilep,29.0,Female,1.0,Quarterly,12.0,45.0,,Moderate,1
STUDENT-000405,,27.0,Male,23.0,Monthly,12.0,36.0,451.0,Low,1
STUDENT-000406,,18.0,Male,28.0,Quarterly,5.0,67.0,285.0,Moderate,1
STUDENT-000407,Bitola,24.0,Male,1.0,Quarterly,6.0,,441.0,Moderate,1
STUDENT-000408,Stip,27.0,Male,12.0,Monthly,8.0,53.0,497.0,Moderate,1
STUDENT-000409,Skopje,28.0,Female,9.0,Quarterly,5.0,66.0,,High,1
STUDENT-000410,Bitola,26.0,Male,20.0,Quarterly,,,381.0,Moderate,1
STUDENT-000411,Bitola,26.0,,39.0,Monthly,3.0,70.0,323.0,Moderate,1
STUDENT-000412,,33.0,Female,44.0,Monthly,5.0,76.0,,Moderate,1
STUDENT-000413,Bitola,32.0,Male,10.0,Quarterly,6.0,,241.0,High,1
STUDENT-000414,Skopje,18.0,Female,26.0,Quarterly,4.0,44.0,172.0,High,0
STUDENT-000415,Kumanovo,23.0,,26.0,Monthly,,38.0,,High,0
STUDENT-000416,Stip,24.0,Female,24.0,Monthly,6.0,,326.0,,1
STUDENT-000417,Skopje,18.0,Male,24.0,Quarterly,3.0,,70.0,Very High,0
STUDENT-000418,Ohrid,25.0,Male,23.0,Quarterly,7.0,65.0,406.0,High,1
STUDENT-000419,Tetovo,,Female,,Quarterly,9.0,,660.0,,1
STUDENT-000420,Stip,18.0,Female,33.0,Monthly,,52.0,325.0,Moderate,0
STUDENT-000421,Kumanovo,27.0,Female,7.0,Monthly,5.0,57.0,,Moderate,0
STUDENT-000422,Veles,19.0,Female,29.0,Quarterly,5.0,74.0,380.0,Moderate,1
STUDENT-000423,Tetovo,20.0,Male,30.0,Quarterly,7.0,47.0,260.0,Moderate,1
STUDENT-000424,Prilep,33.0,,23.0,Quarterly,7.0,,296.0,Moderate,1
STUDENT-000425,Bitola,21.0,Male,33.0,Annually,4.0,56.0,148.0,Moderate,1
STUDENT-000426,Veles,27.0,Female,22.0,Quarterly,9.0,79.0,701.0,High,1
STUDENT-000427,,18.0,Male,22.0,Monthly,,84.0,455.0,High,1
STUDENT-000428,Skopje,36.0,Male,21.0,Monthly,,58.0,331.0,Moderate,0
STUDENT-000429,Kumanovo,28.0,Female,,Monthly,5.0,,243.0,Moderate,0
STUDENT-000430,Skopje,23.0,Female,19.0,Monthly,6.0,75.0,436.0,High,1
STUDENT-000431,Kumanovo,28.0,Female,11.0,Quarterly,6.0,34.0,310.0,,0
STUDENT-000432,Veles,18.0,Male,5.0,Monthly,,,337.0,Moderate,1
STUDENT-000433,,32.0,Male,37.0,Monthly,,59.0,449.0,Moderate,1
STUDENT-000434,Prilep,23.0,Female,,Monthly,,,833.0,Moderate,1
STUDENT-000435,,23.0,Male,19.0,Annually,4.0,80.0,249.0,,1
STUDENT-000436,Tetovo,22.0,Male,,Annually,6.0,,266.0,Moderate,1
STUDENT-000437,Stip,21.0,Female,23.0,Monthly,4.0,62.0,266.0,,1
STUDENT-000438,Skopje,29.0,Male,31.0,Monthly,4.0,51.0,89.0,Moderate,0
STUDENT-000439,Prilep,26.0,Female,10.0,Monthly,9.0,55.0,413.0,Moderate,1
STUDENT-000440,Stip,28.0,Male,19.0,Monthly,,69.0,590.0,Moderate,1
STUDENT-000441,Ohrid,,Female,30.0,Monthly,1.0,54.0,0.0,,0
STUDENT-000442,Bitola,28.0,Female,1.0,Monthly,3.0,62.0,188.0,Moderate,1
STUDENT-000443,Prilep,22.0,Female,19.0,Monthly,3.0,74.0,232.0,Moderate,0
STUDENT-000444,Tetovo,38.0,,14.0,Annually,9.0,82.0,730.0,Moderate,1
STUDENT-000445,,18.0,Male,18.0,Quarterly,5.0,64.0,353.0,Moderate,1
STUDENT-000446,Ohrid,32.0,,13.0,Annually,7.0,61.0,391.0,Moderate,0
STUDENT-000447,Stip,33.0,Female,21.0,Monthly,6.0,,255.0,High,1
STUDENT-000448,Tetovo,19.0,Female,43.0,Monthly,6.0,83.0,437.0,,1
STUDENT-000449,Ohrid,38.0,Female,16.0,Annually,12.0,67.0,821.0,,1
STUDENT-000450,Stip,30.0,Female,23.0,Monthly,4.0,62.0,252.0,Moderate,1
STUDENT-000451,,30.0,Female,43.0,Quarterly,2.0,61.0,,,1
STUDENT-000452,Prilep,25.0,Female,13.0,Annually,3.0,65.0,185.0,Moderate,1
STUDENT-000453,,23.0,Male,41.0,Quarterly,6.0,71.0,,,1
STUDENT-000454,Tetovo,23.0,Female,20.0,Monthly,3.0,73.0,235.0,Moderate,1
STUDENT-000455,Tetovo,27.0,Female,41.0,Quarterly,5.0,84.0,439.0,Moderate,1
STUDENT-000456,Bitola,33.0,Male,29.0,Monthly,7.0,,397.0,Moderate,1
STUDENT-000457,Kumanovo,26.0,Female,23.0,Monthly,8.0,86.0,733.0,High,1
STUDENT-000458,Veles,19.0,Female,19.0,Monthly,6.0,75.0,481.0,High,1
STUDENT-000459,Skopje,,Male,12.0,Annually,6.0,59.0,310.0,High,1
STUDENT-000460,Kumanovo,30.0,Female,20.0,Quarterly,,,,Moderate,0
STUDENT-000461,Bitola,28.0,Female,30.0,Monthly,,61.0,388.0,Moderate,0
STUDENT-000462,Kumanovo,29.0,Female,19.0,Monthly,,83.0,243.0,,0
STUDENT-000463,Prilep,23.0,Male,16.0,Quarterly,5.0,48.0,252.0,Moderate,1
STUDENT-000464,Skopje,,Female,16.0,Annually,,,498.0,High,1
STUDENT-000465,Stip,19.0,Male,31.0,Monthly,6.0,62.0,,Moderate,1
STUDENT-000466,Bitola,18.0,Female,34.0,Monthly,8.0,74.0,,High,1
STUDENT-000467,Tetovo,26.0,Male,11.0,Annually,7.0,54.0,425.0,Moderate,1
STUDENT-000468,Bitola,24.0,Female,11.0,Annually,5.0,,235.0,Moderate,0
STUDENT-000469,Stip,22.0,Female,24.0,Monthly,1.0,68.0,0.0,High,1
STUDENT-000470,Kumanovo,18.0,Female,38.0,Monthly,5.0,48.0,,High,0
STUDENT-000471,Veles,18.0,Female,33.0,Monthly,7.0,,,High,0
STUDENT-000472,Prilep,31.0,,,Monthly,5.0,87.0,507.0,Moderate,1
STUDENT-000473,,21.0,Female,,Monthly,4.0,73.0,239.0,,0
STUDENT-000474,Kumanovo,27.0,Male,8.0,Annually,11.0,88.0,1001.0,Moderate,1
STUDENT-000475,Veles,18.0,Female,16.0,Monthly,,73.0,358.0,Low,1
STUDENT-000476,Veles,33.0,Female,39.0,Monthly,5.0,70.0,263.0,High,1
STUDENT-000477,,24.0,Female,2.0,Annually,5.0,65.0,291.0,Moderate,0
STUDENT-000478,,26.0,,1.0,Annually,6.0,,,Moderate,0
STUDENT-000479,Skopje,38.0,Female,10.0,Quarterly,4.0,67.0,257.0,High,1
STUDENT-000480,Ohrid,34.0,Female,23.0,Annually,7.0,51.0,411.0,,1
STUDENT-000481,Veles,23.0,Female,27.0,Monthly,9.0,,438.0,High,1
STUDENT-000482,Ohrid,21.0,Male,25.0,Monthly,4.0,55.0,193.0,Moderate,0
STUDENT-000483,Veles,23.0,,34.0,Monthly,4.0,79.0,238.0,Moderate,1
STUDENT-000484,Prilep,28.0,Female,1.0,Annually,3.0,41.0,53.0,Moderate,0
STUDENT-000485,,24.0,Female,34.0,Annually,10.0,,497.0,High,1
STUDENT-000486,Ohrid,22.0,Female,16.0,Monthly,5.0,68.0,349.0,High,0
STUDENT-000487,,33.0,Male,28.0,Monthly,,53.0,319.0,Moderate,1
STUDENT-000488,Veles,24.0,Male,4.0,Monthly,5.0,67.0,,Moderate,1
STUDENT-000489,Tetovo,38.0,Female,20.0,Monthly,4.0,74.0,188.0,High,0
STUDENT-000490,Stip,25.0,Male,22.0,Annually,6.0,66.0,,,1
STUDENT-000491,Veles,35.0,Male,33.0,Monthly,5.0,50.0,,High,1
STUDENT-000492,Veles,27.0,Male,1.0,Annually,3.0,79.0,388.0,Moderate,1
STUDENT-000493,Tetovo,30.0,Female,20.0,Quarterly,5.0,71.0,403.0,Moderate,0
STUDENT-000494,Ohrid,20.0,Female,,Monthly,8.0,60.0,451.0,High,1
STUDENT-000495,Prilep,19.0,Male,,Monthly,,59.0,296.0,Moderate,1
STUDENT-000496,Skopje,27.0,Male,29.0,Annually,7.0,65.0,510.0,Moderate,1
STUDENT-000497,Ohrid,,Male,35.0,Quarterly,7.0,55.0,,High,1
STUDENT-000498,Stip,25.0,Male,13.0,Monthly,,35.0,,Moderate,1
STUDENT-000499,Prilep,18.0,Female,31.0,Monthly,6.0,,,Very High,1
STUDENT-000500,Skopje,18.0,Female,36.0,Annually,5.0,70.0,300.0,Moderate,1
STUDENT-000501,,18.0,Male,1.0,Annually,12.0,30.0,399.0,Moderate,1
STUDENT-000502,Stip,18.0,Female,27.0,Annually,,67.0,664.0,Moderate,1
STUDENT-000503,Veles,25.0,Male,31.0,Quarterly,,,227.0,Moderate,0
STUDENT-000504,Ohrid,31.0,Male,16.0,Annually,12.0,43.0,492.0,High,1
STUDENT-000505,Prilep,24.0,Female,5.0,Monthly,6.0,58.0,275.0,Moderate,1
STUDENT-000506,Tetovo,18.0,Female,31.0,Quarterly,4.0,57.0,237.0,Moderate,1
STUDENT-000507,,23.0,Female,5.0,Monthly,6.0,84.0,429.0,Moderate,0
STUDENT-000508,Ohrid,24.0,Male,17.0,Quarterly,5.0,76.0,300.0,,1
STUDENT-000509,Bitola,37.0,Male,19.0,Monthly,7.0,,389.0,,1
STUDENT-000510,Stip,18.0,Male,28.0,Annually,5.0,65.0,315.0,Moderate,1
STUDENT-000511,Kumanovo,22.0,Female,12.0,Quarterly,7.0,94.0,654.0,Moderate,0
STUDENT-000512,Veles,35.0,Female,11.0,Quarterly,4.0,50.0,225.0,High,1
STUDENT-000513,,27.0,Male,21.0,Annually,3.0,59.0,235.0,Moderate,1
STUDENT-000514,Stip,28.0,Female,32.0,Annually,4.0,67.0,242.0,Moderate,0
STUDENT-000515,Skopje,25.0,Female,47.0,Annually,11.0,,526.0,,1
STUDENT-000516,Stip,26.0,Female,1.0,Monthly,7.0,86.0,578.0,Moderate,1
STUDENT-000517,Skopje,29.0,Male,23.0,Monthly,5.0,52.0,324.0,High,1
STUDENT-000518,Prilep,20.0,Female,6.0,Annually,6.0,39.0,229.0,Moderate,0
STUDENT-000519,Tetovo,30.0,,32.0,Annually,,52.0,86.0,Moderate,0
STUDENT-000520,Ohrid,18.0,Female,8.0,Quarterly,6.0,69.0,437.0,High,1
STUDENT-000521,Bitola,26.0,Female,11.0,Monthly,,,541.0,,1
STUDENT-000522,Bitola,26.0,Female,12.0,Monthly,5.0,64.0,,Moderate,0
STUDENT-000523,Veles,21.0,Female,19.0,Monthly,5.0,68.0,323.0,Low,0
STUDENT-000524,Ohrid,24.0,Female,23.0,Annually,8.0,,,,1
STUDENT-000525,Ohrid,21.0,Female,25.0,Monthly,,,283.0,,1
STUDENT-000526,Stip,18.0,Female,19.0,Quarterly,5.0,,,Moderate,1
STUDENT-000527,Bitola,22.0,Female,4.0,Quarterly,3.0,70.0,179.0,Moderate,0
STUDENT-000528,Stip,18.0,Male,28.0,Annually,7.0,,321.0,High,1
STUDENT-000529,Stip,26.0,Female,19.0,Monthly,7.0,62.0,,Moderate,1
STUDENT-000530,Tetovo,18.0,Female,33.0,Quarterly,5.0,55.0,332.0,Moderate,1
STUDENT-000531,,29.0,Female,11.0,Monthly,5.0,70.0,354.0,High,1
STUDENT-000532,Bitola,18.0,,1.0,Monthly,7.0,67.0,360.0,,1
STUDENT-000533,Ohrid,21.0,Female,19.0,Monthly,6.0,54.0,396.0,Moderate,1
STUDENT-000534,,21.0,Male,35.0,Monthly,6.0,67.0,381.0,High,0
STUDENT-000535,Bitola,32.0,Female,21.0,Monthly,4.0,53.0,199.0,High,0
STUDENT-000536,,,Male,17.0,Annually,4.0,66.0,,Moderate,0
STUDENT-000537,Skopje,23.0,Male,,Monthly,7.0,67.0,498.0,Moderate,1
STUDENT-000538,Tetovo,27.0,Male,41.0,Annually,6.0,95.0,600.0,Moderate,1
STUDENT-000539,,18.0,Male,7.0,Quarterly,,54.0,,Moderate,1
STUDENT-000540,Kumanovo,24.0,,11.0,Quarterly,8.0,57.0,430.0,Moderate,1
STUDENT-000541,Skopje,36.0,Female,26.0,Annually,4.0,50.0,357.0,Moderate,0
STUDENT-000542,Bitola,25.0,,1.0,Quarterly,4.0,44.0,103.0,Moderate,0
STUDENT-000543,Bitola,25.0,Female,35.0,Monthly,5.0,53.0,221.0,Moderate,1
STUDENT-000544,Veles,28.0,Male,27.0,Monthly,10.0,69.0,732.0,Moderate,1
STUDENT-000545,Skopje,30.0,Female,30.0,Quarterly,8.0,71.0,507.0,Moderate,1
STUDENT-000546,Prilep,18.0,Female,26.0,Annually,6.0,64.0,318.0,High,1
STUDENT-000547,Tetovo,18.0,Male,18.0,Quarterly,7.0,,,Moderate,1
STUDENT-000548,Tetovo,26.0,Female,,Monthly,,,400.0,,0
STUDENT-000549,Kumanovo,20.0,Female,18.0,Monthly,3.0,46.0,,Low,0
STUDENT-000550,Veles,32.0,Female,8.0,Annually,8.0,51.0,418.0,High,1
STUDENT-000551,Prilep,23.0,Male,25.0,Monthly,8.0,40.0,278.0,Moderate,0
STUDENT-000552,,18.0,Female,29.0,Quarterly,5.0,80.0,384.0,Moderate,0
STUDENT-000553,,18.0,,37.0,Quarterly,7.0,87.0,604.0,,1
STUDENT-000554,Stip,18.0,Male,24.0,Monthly,6.0,30.0,230.0,Moderate,1
STUDENT-000555,Tetovo,23.0,Female,31.0,Monthly,5.0,64.0,,High,0
STUDENT-000556,,23.0,Male,,Monthly,5.0,64.0,264.0,Moderate,1
STUDENT-000557,Stip,22.0,Female,14.0,Monthly,6.0,63.0,425.0,Moderate,1
STUDENT-000558,Veles,31.0,Male,25.0,Quarterly,5.0,51.0,154.0,,1
STUDENT-000559,Veles,32.0,Male,15.0,Annually,10.0,75.0,730.0,High,1
STUDENT-000560,Tetovo,23.0,Female,23.0,Monthly,9.0,66.0,,Moderate,1
STUDENT-000561,,18.0,Female,7.0,Quarterly,6.0,75.0,398.0,,0
STUDENT-000562,Prilep,28.0,Female,9.0,Monthly,3.0,48.0,259.0,,1
STUDENT-000563,Bitola,28.0,Female,,Monthly,4.0,,67.0,High,0
STUDENT-000564,Stip,26.0,Male,30.0,Annually,3.0,66.0,148.0,Moderate,0
STUDENT-000565,Bitola,30.0,Male,8.0,Annually,7.0,45.0,,Moderate,1
STUDENT-000566,Bitola,18.0,Male,28.0,Annually,7.0,75.0,496.0,Moderate,1
STUDENT-000567,Bitola,37.0,Female,,Monthly,5.0,30.0,159.0,Moderate,0
STUDENT-000568,Kumanovo,19.0,Male,20.0,Quarterly,8.0,52.0,501.0,Low,1
STUDENT-000569,Tetovo,29.0,Female,37.0,Monthly,5.0,50.0,289.0,High,1
STUDENT-000570,Stip,18.0,Male,29.0,Annually,2.0,,81.0,Moderate,1
STUDENT-000571,Prilep,19.0,Male,29.0,Monthly,11.0,63.0,684.0,Moderate,1
STUDENT-000572,Ohrid,34.0,Male,42.0,Annually,8.0,,551.0,Moderate,1
STUDENT-000573,Skopje,23.0,Male,11.0,Monthly,4.0,,314.0,High,0
STUDENT-000574,Skopje,30.0,Male,8.0,Quarterly,8.0,71.0,,,1
STUDENT-000575,Ohrid,26.0,Female,11.0,Annually,2.0,57.0,135.0,Moderate,0
STUDENT-000576,,24.0,Male,16.0,Monthly,5.0,91.0,476.0,Moderate,0
STUDENT-000577,,33.0,Female,,Quarterly,8.0,80.0,634.0,,1
STUDENT-000578,Stip,23.0,Female,17.0,Quarterly,6.0,55.0,293.0,Moderate,0
STUDENT-000579,Skopje,18.0,Female,13.0,Annually,6.0,57.0,386.0,High,1
STUDENT-000580,Skopje,20.0,Female,29.0,Monthly,3.0,55.0,,Moderate,0
STUDENT-000581,,28.0,Male,24.0,Annually,9.0,,460.0,Moderate,1
STUDENT-000582,Skopje,,Male,12.0,Monthly,4.0,45.0,130.0,,1
STUDENT-000583,Skopje,18.0,Male,27.0,Quarterly,5.0,,211.0,Moderate,0
STUDENT-000584,Prilep,20.0,Female,28.0,Quarterly,,30.0,,Moderate,0
STUDENT-000585,Stip,21.0,Female,10.0,Monthly,4.0,54.0,,High,0
STUDENT-000586,,22.0,Male,14.0,Annually,6.0,75.0,,Moderate,1
STUDENT-000587,Skopje,18.0,Male,1.0,Annually,2.0,57.0,,Moderate,0
STUDENT-000588,Veles,21.0,,6.0,Annually,7.0,58.0,424.0,Moderate,0
STUDENT-000589,Veles,20.0,Female,11.0,Annually,4.0,,260.0,Moderate,1
STUDENT-000590,,29.0,Female,20.0,Monthly,9.0,44.0,385.0,,1
STUDENT-000591,Stip,29.0,Female,8.0,Quarterly,9.0,,572.0,,1
STUDENT-000592,Bitola,24.0,,13.0,Annually,6.0,,,High,1
STUDENT-000593,Stip,22.0,,5.0,Monthly,7.0,64.0,426.0,Moderate,1
STUDENT-000594,Ohrid,25.0,Male,22.0,Annually,3.0,74.0,223.0,Moderate,1
STUDENT-000595,Veles,20.0,Male,25.0,Quarterly,8.0,,,Moderate,1
STUDENT-000596,Tetovo,18.0,Female,,Quarterly,3.0,,234.0,Moderate,0
STUDENT-000597,Veles,19.0,Female,20.0,Monthly,4.0,49.0,207.0,Moderate,0
STUDENT-000598,Kumanovo,21.0,Male,1.0,Monthly,5.0,54.0,234.0,High,0
STUDENT-000599,Kumanovo,18.0,Female,12.0,Monthly,8.0,88.0,873.0,Moderate,1
STUDENT-000600,Tetovo,25.0,,15.0,Monthly,,64.0,469.0,Low,1
STUDENT-000601,Veles,29.0,Female,15.0,Monthly,12.0,62.0,789.0,Moderate,1
STUDENT-000602,Kumanovo,18.0,Male,20.0,Monthly,10.0,,439.0,High,1
STUDENT-000603,Bitola,25.0,Female,37.0,Monthly,6.0,58.0,359.0,Moderate,1
STUDENT-000604,Veles,23.0,Female,29.0,Quarterly,6.0,70.0,430.0,Moderate,1
STUDENT-000605,Tetovo,27.0,Male,8.0,Monthly,4.0,60.0,,Moderate,0
STUDENT-000606,Ohrid,24.0,Male,28.0,Annually,5.0,52.0,,Very High,1
STUDENT-000607,Tetovo,18.0,Female,27.0,Monthly,5.0,,230.0,Moderate,0
STUDENT-000608,Stip,18.0,Male,10.0,Quarterly,4.0,,271.0,Moderate,1
STUDENT-000609,,25.0,Male,30.0,Monthly,2.0,70.0,75.0,,0
STUDENT-000610,Veles,31.0,Female,18.0,Quarterly,12.0,68.0,818.0,Moderate,1
STUDENT-000611,,18.0,Male,3.0,Quarterly,3.0,66.0,281.0,High,1
STUDENT-000612,Veles,27.0,Male,25.0,Quarterly,6.0,42.0,259.0,Moderate,1
STUDENT-000613,,32.0,Male,22.0,Monthly,3.0,64.0,121.0,Moderate,0
STUDENT-000614,Kumanovo,24.0,Female,17.0,Quarterly,9.0,,622.0,Moderate,1
STUDENT-000615,Kumanovo,28.0,Male,,Monthly,3.0,,145.0,High,0
STUDENT-000616,Bitola,20.0,Male,11.0,Quarterly,7.0,74.0,433.0,,1
STUDENT-000617,,24.0,Male,27.0,Monthly,5.0,68.0,358.0,Moderate,1
STUDENT-000618,Skopje,18.0,Male,19.0,Quarterly,5.0,,441.0,Moderate,1
STUDENT-000619,Bitola,,Male,21.0,Monthly,5.0,60.0,265.0,High,0
STUDENT-000620,Prilep,30.0,Male,24.0,Annually,5.0,,369.0,Moderate,0
STUDENT-000621,Prilep,19.0,Male,6.0,Monthly,9.0,38.0,316.0,Moderate,1
STUDENT-000622,Bitola,22.0,Male,9.0,Monthly,9.0,60.0,502.0,High,1
STUDENT-000623,,18.0,Female,1.0,Monthly,5.0,,361.0,Moderate,0
STUDENT-000624,Tetovo,18.0,Male,26.0,Monthly,4.0,64.0,216.0,High,0
STUDENT-000625,Bitola,23.0,Male,5.0,Quarterly,6.0,76.0,407.0,High,1
STUDENT-000626,Ohrid,20.0,Female,21.0,Annually,6.0,57.0,244.0,Moderate,0
STUDENT-000627,Ohrid,27.0,Female,24.0,Annually,4.0,51.0,207.0,,1
STUDENT-000628,Tetovo,27.0,Female,27.0,Monthly,4.0,,204.0,Moderate,0
STUDENT-000629,Ohrid,26.0,Male,5.0,Monthly,8.0,55.0,482.0,Moderate,1
STUDENT-000630,Kumanovo,26.0,Male,19.0,Annually,5.0,67.0,424.0,High,1
STUDENT-000631,Ohrid,34.0,Male,,Monthly,8.0,71.0,527.0,,1
STUDENT-000632,Prilep,18.0,Male,40.0,Monthly,5.0,,246.0,Moderate,1
STUDENT-000633,Prilep,24.0,Male,31.0,Annually,4.0,77.0,241.0,Moderate,1
STUDENT-000634,Bitola,31.0,,24.0,Monthly,7.0,45.0,357.0,Moderate,1
STUDENT-000635,Kumanovo,32.0,Male,7.0,Monthly,6.0,58.0,446.0,Moderate,1
STUDENT-000636,Bitola,18.0,Female,28.0,Monthly,,51.0,182.0,Moderate,1
STUDENT-000637,Ohrid,23.0,Male,18.0,Quarterly,6.0,66.0,495.0,Moderate,1
STUDENT-000638,Veles,33.0,Male,26.0,Monthly,7.0,61.0,391.0,High,1
STUDENT-000639,Stip,28.0,Female,12.0,Quarterly,5.0,70.0,341.0,Moderate,1
STUDENT-000640,,26.0,Female,,Monthly,3.0,87.0,206.0,Moderate,1
STUDENT-000641,Stip,23.0,Male,21.0,Monthly,,65.0,457.0,Moderate,1
STUDENT-000642,Veles,22.0,Female,22.0,Monthly,6.0,51.0,322.0,Moderate,0
STUDENT-000643,Prilep,26.0,Male,,Monthly,6.0,66.0,397.0,Moderate,1
STUDENT-000644,Veles,23.0,Male,,Monthly,9.0,89.0,,Moderate,1
STUDENT-000645,Ohrid,24.0,Female,3.0,Quarterly,7.0,69.0,453.0,High,1
STUDENT-000646,Prilep,25.0,Male,39.0,Monthly,7.0,74.0,,High,1
STUDENT-000647,Tetovo,,Male,49.0,Monthly,3.0,,98.0,,1
STUDENT-000648,Stip,28.0,Female,25.0,Monthly,4.0,65.0,190.0,Moderate,1
STUDENT-000649,Veles,42.0,,4.0,Monthly,6.0,55.0,216.0,Moderate,0
STUDENT-000650,Prilep,18.0,Male,10.0,Quarterly,,49.0,160.0,,0
STUDENT-000651,Kumanovo,26.0,Male,26.0,Annually,7.0,59.0,330.0,High,1
STUDENT-000652,,20.0,Female,36.0,Annually,5.0,61.0,254.0,Moderate,1
STUDENT-000653,Veles,28.0,Female,5.0,Monthly,1.0,,,,0
STUDENT-000654,Tetovo,25.0,Male,18.0,Quarterly,5.0,62.0,301.0,,0
STUDENT-000655,Tetovo,29.0,Male,22.0,Quarterly,7.0,57.0,359.0,Moderate,1
STUDENT-000656,Veles,32.0,Female,30.0,Quarterly,5.0,,481.0,Very High,1
STUDENT-000657,Kumanovo,26.0,Male,15.0,Monthly,7.0,63.0,365.0,Moderate,1
STUDENT-000658,Skopje,31.0,Female,1.0,Annually,10.0,65.0,722.0,Moderate,1
STUDENT-000659,Ohrid,18.0,Female,27.0,Annually,3.0,74.0,212.0,Moderate,1
STUDENT-000660,Bitola,34.0,Male,33.0,Monthly,3.0,68.0,164.0,Moderate,1
STUDENT-000661,Kumanovo,27.0,Male,19.0,Monthly,5.0,59.0,330.0,Moderate,1
STUDENT-000662,Skopje,31.0,Male,,Annually,4.0,30.0,92.0,Moderate,0
STUDENT-000663,Bitola,18.0,Male,14.0,Monthly,3.0,67.0,152.0,High,0
STUDENT-000664,Tetovo,20.0,Male,9.0,Annually,4.0,46.0,291.0,High,1
STUDENT-000665,Kumanovo,25.0,,32.0,Monthly,,58.0,158.0,High,0
STUDENT-000666,Tetovo,24.0,Male,24.0,Monthly,7.0,65.0,440.0,Moderate,1
STUDENT-000667,,26.0,Female,25.0,Monthly,7.0,79.0,564.0,Moderate,1
STUDENT-000668,Stip,31.0,Female,38.0,Quarterly,5.0,87.0,519.0,Moderate,1
STUDENT-000669,Bitola,18.0,Male,7.0,Monthly,14.0,,620.0,,1
STUDENT-000670,Stip,30.0,,13.0,Annually,6.0,40.0,399.0,Moderate,1
STUDENT-000671,Tetovo,25.0,,21.0,Monthly,7.0,64.0,493.0,Moderate,1
STUDENT-000672,Kumanovo,23.0,Female,13.0,Monthly,8.0,63.0,,High,1
STUDENT-000673,Skopje,18.0,Male,29.0,Quarterly,,41.0,240.0,High,1
STUDENT-000674,Tetovo,28.0,,17.0,Monthly,6.0,59.0,368.0,Moderate,1
STUDENT-000675,Kumanovo,18.0,Female,8.0,Quarterly,6.0,68.0,,High,1
STUDENT-000676,Tetovo,28.0,Female,20.0,Monthly,,,155.0,Very High,1
STUDENT-000677,Skopje,18.0,Female,22.0,Annually,,45.0,242.0,High,0
STUDENT-000678,Tetovo,25.0,Female,,Quarterly,,50.0,128.0,High,0
STUDENT-000679,Stip,24.0,Female,,Monthly,13.0,56.0,670.0,High,1
STUDENT-000680,Kumanovo,32.0,Female,25.0,Monthly,4.0,,331.0,Moderate,1
STUDENT-000681,Bitola,23.0,Female,23.0,Monthly,5.0,55.0,,Moderate,0
STUDENT-000682,Stip,20.0,,17.0,Annually,7.0,60.0,,Moderate,1
STUDENT-000683,Stip,21.0,Female,11.0,Quarterly,6.0,93.0,,High,1
STUDENT-000684,Bitola,,Male,23.0,Monthly,6.0,45.0,250.0,High,0
STUDENT-000685,,28.0,Female,16.0,Monthly,7.0,50.0,,Moderate,1
STUDENT-000686,,22.0,Female,40.0,Annually,9.0,70.0,663.0,Moderate,1
STUDENT-000687,Tetovo,23.0,Female,36.0,Monthly,5.0,74.0,340.0,Moderate,1
STUDENT-000688,Prilep,18.0,Male,27.0,Quarterly,11.0,66.0,,Moderate,1
STUDENT-000689,Veles,27.0,Female,24.0,Annually,,87.0,,Low,1
STUDENT-000690,Stip,18.0,Female,,Monthly,6.0,,330.0,High,1
STUDENT-000691,Veles,29.0,Female,4.0,Quarterly,3.0,30.0,1.0,High,0
STUDENT-000692,,25.0,Male,17.0,Monthly,5.0,61.0,322.0,Moderate,1
STUDENT-000693,Stip,39.0,Female,21.0,Monthly,9.0,51.0,454.0,Moderate,1
STUDENT-000694,Skopje,18.0,Female,22.0,Annually,12.0,80.0,,Low,1
STUDENT-000695,Ohrid,24.0,Female,,Quarterly,4.0,74.0,273.0,Moderate,1
STUDENT-000696,Kumanovo,35.0,Female,31.0,Annually,10.0,36.0,337.0,Moderate,1
STUDENT-000697,Tetovo,32.0,Female,,Quarterly,9.0,80.0,740.0,Moderate,1
STUDENT-000698,Skopje,20.0,Female,11.0,Monthly,5.0,74.0,,Moderate,1
STUDENT-000699,Skopje,26.0,Male,37.0,Monthly,8.0,55.0,453.0,Moderate,1
STUDENT-000700,Tetovo,25.0,Female,29.0,Quarterly,7.0,58.0,422.0,Moderate,1
STUDENT-000701,Tetovo,26.0,Male,15.0,Monthly,1.0,80.0,,Moderate,1
STUDENT-000702,Bitola,20.0,Female,18.0,Monthly,,30.0,125.0,High,0
STUDENT-000703,Bitola,,Female,18.0,Quarterly,6.0,66.0,445.0,Very High,1
STUDENT-000704,Bitola,18.0,Male,20.0,Monthly,13.0,,966.0,High,1
STUDENT-000705,Tetovo,25.0,Male,25.0,Monthly,9.0,,570.0,,0
STUDENT-000706,Skopje,27.0,Male,50.0,Annually,9.0,,704.0,High,0
STUDENT-000707,Tetovo,23.0,Female,22.0,Monthly,10.0,,569.0,Moderate,1
STUDENT-000708,Prilep,18.0,Female,27.0,Monthly,6.0,48.0,432.0,Low,1
STUDENT-000709,Prilep,30.0,Male,1.0,Monthly,3.0,47.0,98.0,,0
STUDENT-000710,Kumanovo,27.0,Female,14.0,Monthly,11.0,70.0,,Moderate,1
STUDENT-000711,Tetovo,20.0,Male,34.0,Monthly,6.0,50.0,,,1
STUDENT-000712,Kumanovo,23.0,Female,24.0,Quarterly,,,211.0,Moderate,0
STUDENT-000713,Veles,,Male,1.0,Monthly,1.0,,,Moderate,0
STUDENT-000714,Stip,18.0,Male,28.0,Monthly,,,361.0,Moderate,1
STUDENT-000715,Veles,21.0,Male,43.0,Annually,6.0,42.0,267.0,,1
STUDENT-000716,Tetovo,32.0,Female,1.0,Monthly,10.0,61.0,733.0,High,1
STUDENT-000717,Prilep,21.0,Male,38.0,Annually,4.0,71.0,280.0,,1
STUDENT-000718,Bitola,28.0,Female,1.0,Monthly,8.0,,428.0,High,1
STUDENT-000719,Tetovo,21.0,Male,,Monthly,,44.0,494.0,Moderate,1
STUDENT-000720,Bitola,26.0,Male,19.0,Quarterly,10.0,67.0,698.0,Moderate,1
STUDENT-000721,Stip,24.0,Male,1.0,Quarterly,9.0,75.0,704.0,Moderate,1
STUDENT-000722,Veles,30.0,Male,25.0,Monthly,8.0,93.0,756.0,,1
STUDENT-000723,Skopje,21.0,Female,33.0,Monthly,8.0,,597.0,Moderate,1
STUDENT-000724,Veles,18.0,Male,24.0,Monthly,6.0,44.0,330.0,High,1
STUDENT-000725,Skopje,18.0,Female,,Quarterly,8.0,72.0,692.0,Moderate,1
STUDENT-000726,Kumanovo,21.0,Male,15.0,Quarterly,10.0,,631.0,Moderate,1
STUDENT-000727,Skopje,18.0,Male,1.0,Annually,6.0,42.0,,Moderate,0
STUDENT-000728,Prilep,27.0,Male,,Quarterly,6.0,64.0,435.0,Moderate,1
STUDENT-000729,Kumanovo,22.0,Male,40.0,Quarterly,6.0,88.0,661.0,Moderate,1
STUDENT-000730,Kumanovo,39.0,Female,33.0,Quarterly,7.0,77.0,567.0,Moderate,1
STUDENT-000731,Prilep,18.0,Female,1.0,Monthly,4.0,44.0,184.0,High,0
STUDENT-000732,Stip,26.0,Male,1.0,Monthly,3.0,60.0,230.0,Moderate,1
STUDENT-000733,Veles,18.0,Female,,Annually,4.0,67.0,,Moderate,1
STUDENT-000734,,22.0,Female,1.0,Monthly,4.0,34.0,160.0,Moderate,0
STUDENT-000735,Kumanovo,25.0,,20.0,Annually,2.0,34.0,147.0,Moderate,1
STUDENT-000736,Kumanovo,18.0,Female,24.0,Monthly,6.0,62.0,421.0,,1
STUDENT-000737,Ohrid,26.0,Female,2.0,Annually,13.0,62.0,,Moderate,1
STUDENT-000738,Kumanovo,36.0,,,Monthly,7.0,32.0,236.0,Moderate,1
STUDENT-000739,Stip,22.0,Female,27.0,Monthly,6.0,,435.0,High,1
STUDENT-000740,Veles,26.0,Female,13.0,Quarterly,5.0,76.0,423.0,Moderate,1
STUDENT-000741,Veles,31.0,Female,17.0,Monthly,10.0,56.0,,Moderate,1
STUDENT-000742,Kumanovo,24.0,Male,1.0,Quarterly,3.0,60.0,200.0,High,0
STUDENT-000743,Ohrid,21.0,,16.0,Quarterly,9.0,68.0,562.0,,1
STUDENT-000744,Veles,18.0,Female,20.0,Monthly,6.0,66.0,356.0,Moderate,1
STUDENT-000745,Ohrid,28.0,Male,22.0,Monthly,2.0,34.0,95.0,,0
STUDENT-000746,Tetovo,,Female,24.0,Quarterly,4.0,46.0,233.0,Moderate,1
STUDENT-000747,Ohrid,18.0,Female,22.0,Monthly,6.0,54.0,366.0,Moderate,1
STUDENT-000748,Ohrid,25.0,Male,,Monthly,4.0,,,Moderate,1
STUDENT-000749,Bitola,21.0,Female,23.0,Annually,7.0,82.0,564.0,Moderate,1
STUDENT-000750,,21.0,Female,32.0,Monthly,5.0,69.0,274.0,High,1
STUDENT-000751,Bitola,28.0,Female,18.0,Monthly,9.0,43.0,,Moderate,1
STUDENT-000752,Skopje,18.0,Male,23.0,Quarterly,8.0,56.0,,Moderate,1
STUDENT-000753,Stip,31.0,Male,17.0,Monthly,4.0,76.0,385.0,Moderate,1
STUDENT-000754,Tetovo,18.0,,12.0,Monthly,6.0,50.0,305.0,High,1
STUDENT-000755,Prilep,21.0,Male,26.0,Quarterly,4.0,,,Moderate,0
STUDENT-000756,Kumanovo,36.0,Male,,Monthly,10.0,80.0,790.0,Moderate,1
STUDENT-000757,Prilep,31.0,Male,24.0,Monthly,5.0,78.0,,Moderate,1
STUDENT-000758,Bitola,25.0,Male,20.0,Quarterly,7.0,62.0,,Moderate,1
STUDENT-000759,,19.0,Female,16.0,Quarterly,,78.0,291.0,,0
STUDENT-000760,Bitola,21.0,Female,,Monthly,6.0,52.0,240.0,High,0
STUDENT-000761,Tetovo,25.0,Female,13.0,Quarterly,5.0,97.0,392.0,Moderate,1
STUDENT-000762,Stip,25.0,,1.0,Quarterly,9.0,63.0,496.0,High,1
STUDENT-000763,Stip,24.0,Male,24.0,Monthly,5.0,77.0,,Moderate,0
STUDENT-000764,Ohrid,24.0,Male,22.0,Annually,7.0,54.0,,High,1
STUDENT-000765,Veles,,Male,30.0,Monthly,3.0,,171.0,Moderate,0
STUDENT-000766,Tetovo,18.0,Male,13.0,Monthly,2.0,68.0,160.0,,0
STUDENT-000767,Prilep,21.0,Male,,Annually,8.0,46.0,275.0,High,1
STUDENT-000768,Bitola,30.0,Male,15.0,Monthly,5.0,45.0,229.0,Moderate,0
STUDENT-000769,Prilep,18.0,Male,9.0,Quarterly,10.0,56.0,610.0,Moderate,1
STUDENT-000770,Kumanovo,23.0,Male,8.0,Monthly,12.0,76.0,,Moderate,1
STUDENT-000771,Stip,20.0,Female,1.0,Monthly,4.0,32.0,,,0
STUDENT-000772,,25.0,Female,38.0,Quarterly,9.0,54.0,,Moderate,1
STUDENT-000773,Kumanovo,22.0,Female,36.0,Quarterly,3.0,79.0,,,1
STUDENT-000774,Veles,33.0,Female,,Quarterly,11.0,,446.0,Moderate,1
STUDENT-000775,Stip,28.0,Female,9.0,Monthly,3.0,78.0,333.0,High,1
STUDENT-000776,Prilep,18.0,Male,41.0,Monthly,2.0,43.0,102.0,High,0
STUDENT-000777,Skopje,29.0,Female,15.0,Quarterly,6.0,46.0,269.0,Moderate,1
STUDENT-000778,Ohrid,20.0,Male,16.0,Quarterly,9.0,57.0,546.0,High,1
STUDENT-000779,Veles,21.0,Male,37.0,Monthly,6.0,88.0,530.0,Moderate,1
STUDENT-000780,Stip,26.0,Male,27.0,Monthly,3.0,50.0,,Moderate,0
STUDENT-000781,Kumanovo,22.0,,46.0,Monthly,9.0,34.0,,Moderate,1
STUDENT-000782,Skopje,,Male,22.0,Monthly,8.0,38.0,,Moderate,0
STUDENT-000783,Skopje,20.0,Female,15.0,Monthly,11.0,73.0,,,1
STUDENT-000784,Prilep,21.0,Female,12.0,Monthly,4.0,39.0,,Moderate,0
STUDENT-000785,Tetovo,21.0,Female,1.0,Quarterly,9.0,77.0,721.0,Moderate,1
STUDENT-000786,Skopje,21.0,,16.0,Annually,5.0,61.0,276.0,High,1
STUDENT-000787,Kumanovo,31.0,Female,33.0,Annually,11.0,59.0,534.0,Moderate,1
STUDENT-000788,,,Male,27.0,Annually,7.0,64.0,389.0,Moderate,1
STUDENT-000789,Skopje,35.0,Female,20.0,Monthly,3.0,47.0,138.0,Moderate,0
STUDENT-000790,Skopje,38.0,Female,8.0,Monthly,8.0,62.0,,,1
STUDENT-000791,Prilep,18.0,Male,,Monthly,4.0,42.0,212.0,Moderate,0
STUDENT-000792,Kumanovo,25.0,Male,32.0,Quarterly,5.0,,448.0,Moderate,1
STUDENT-000793,Veles,18.0,,25.0,Monthly,10.0,44.0,347.0,Moderate,1
STUDENT-000794,Prilep,20.0,Female,22.0,Monthly,8.0,,550.0,Moderate,1
STUDENT-000795,Ohrid,21.0,Male,10.0,Monthly,7.0,44.0,351.0,High,0
STUDENT-000796,Stip,18.0,Female,30.0,Monthly,2.0,52.0,117.0,High,0
STUDENT-000797,Prilep,18.0,Male,1.0,Quarterly,6.0,54.0,354.0,Moderate,1
STUDENT-000798,Ohrid,24.0,Male,24.0,Quarterly,4.0,104.0,300.0,Moderate,1
STUDENT-000799,Prilep,18.0,Male,50.0,Quarterly,7.0,59.0,353.0,Moderate,1
STUDENT-000800,Skopje,30.0,Male,1.0,Monthly,5.0,,316.0,Moderate,1
STUDENT-000801,Ohrid,19.0,Female,17.0,Monthly,10.0,53.0,513.0,Moderate,1
STUDENT-000802,Tetovo,41.0,Male,19.0,Monthly,8.0,37.0,429.0,High,1
STUDENT-000803,Stip,22.0,Female,14.0,Monthly,6.0,,265.0,,1
STUDENT-000804,Kumanovo,25.0,Male,32.0,Quarterly,6.0,,615.0,Moderate,1
STUDENT-000805,Veles,18.0,Female,25.0,Quarterly,6.0,65.0,353.0,Moderate,0
STUDENT-000806,Tetovo,35.0,Female,21.0,Monthly,5.0,73.0,416.0,Moderate,0
STUDENT-000807,Skopje,31.0,Female,29.0,Annually,9.0,46.0,396.0,Moderate,1
STUDENT-000808,Prilep,26.0,Female,20.0,Monthly,10.0,56.0,,,0
STUDENT-000809,Stip,18.0,Female,58.0,Monthly,,,413.0,High,1
STUDENT-000810,Skopje,26.0,Female,21.0,Quarterly,3.0,,110.0,Very High,0
STUDENT-000811,Stip,18.0,Female,22.0,Annually,,,180.0,Moderate,1
STUDENT-000812,Kumanovo,33.0,Female,1.0,Quarterly,,69.0,,Moderate,1
STUDENT-000813,,29.0,Male,,Annually,8.0,68.0,554.0,Moderate,1
STUDENT-000814,Veles,25.0,Male,33.0,Monthly,,57.0,297.0,,1
STUDENT-000815,Veles,18.0,Male,3.0,Quarterly,4.0,76.0,283.0,High,0
STUDENT-000816,Skopje,19.0,Male,1.0,Annually,4.0,56.0,,Moderate,0
STUDENT-000817,Skopje,29.0,Male,20.0,Quarterly,8.0,54.0,,Moderate,1
STUDENT-000818,Kumanovo,32.0,Male,36.0,Monthly,,,458.0,Moderate,1
STUDENT-000819,Stip,31.0,Female,20.0,Monthly,2.0,43.0,89.0,Moderate,0
STUDENT-000820,Skopje,18.0,Male,15.0,Monthly,10.0,,440.0,Moderate,1
STUDENT-000821,Kumanovo,26.0,Female,1.0,Monthly,,46.0,,Moderate,0
STUDENT-000822,Bitola,31.0,Male,,Annually,9.0,65.0,545.0,Moderate,1
STUDENT-000823,,18.0,Female,27.0,Annually,,,,Moderate,1
STUDENT-000824,Tetovo,24.0,,,Annually,4.0,,255.0,,1
STUDENT-000825,Skopje,26.0,Male,,Monthly,5.0,,472.0,Moderate,0
STUDENT-000826,Kumanovo,23.0,Male,29.0,Monthly,,,,High,1
STUDENT-000827,Stip,18.0,Female,33.0,Annually,7.0,,422.0,Moderate,1
STUDENT-000828,Veles,,Male,27.0,Monthly,6.0,,365.0,,1
STUDENT-000829,Skopje,23.0,Female,27.0,Quarterly,5.0,,473.0,Moderate,1
STUDENT-000830,Bitola,24.0,Male,26.0,Monthly,6.0,,253.0,,0
STUDENT-000831,Bitola,21.0,Female,30.0,Annually,3.0,40.0,82.0,,0
STUDENT-000832,,22.0,Male,1.0,Quarterly,9.0,96.0,823.0,Moderate,1
STUDENT-000833,Bitola,24.0,Female,1.0,Monthly,5.0,65.0,279.0,,0
STUDENT-000834,Veles,27.0,Male,11.0,Monthly,11.0,71.0,654.0,Moderate,1
STUDENT-000835,,23.0,Male,18.0,Monthly,5.0,85.0,538.0,Moderate,1
STUDENT-000836,,22.0,Male,,Monthly,11.0,69.0,706.0,High,1
STUDENT-000837,Bitola,25.0,Male,23.0,Monthly,7.0,74.0,,Low,1
STUDENT-000838,Skopje,,Male,33.0,Quarterly,4.0,60.0,123.0,Moderate,1
STUDENT-000839,Stip,27.0,Female,,Monthly,,,477.0,Moderate,1
STUDENT-000840,Ohrid,24.0,Male,9.0,Quarterly,6.0,59.0,348.0,Very High,0
STUDENT-000841,Kumanovo,25.0,,22.0,Monthly,12.0,59.0,686.0,Moderate,1
STUDENT-000842,Stip,30.0,Female,9.0,Monthly,2.0,61.0,104.0,Moderate,0
STUDENT-000843,Skopje,18.0,Male,17.0,Quarterly,6.0,54.0,359.0,Moderate,1
STUDENT-000844,Skopje,18.0,,23.0,Monthly,9.0,67.0,574.0,Moderate,0
STUDENT-000845,Skopje,26.0,Female,1.0,Monthly,10.0,67.0,550.0,Moderate,1
STUDENT-000846,,24.0,Female,48.0,Monthly,6.0,72.0,354.0,,1
STUDENT-000847,Skopje,26.0,Female,26.0,Monthly,8.0,,471.0,High,1
STUDENT-000848,Veles,22.0,Male,12.0,Monthly,6.0,90.0,,Moderate,1
STUDENT-000849,Tetovo,28.0,Female,43.0,Monthly,,75.0,580.0,Moderate,1
STUDENT-000850,Stip,30.0,Male,15.0,Monthly,8.0,56.0,535.0,Moderate,1
STUDENT-000851,Veles,27.0,Female,21.0,Quarterly,7.0,66.0,363.0,Moderate,1
STUDENT-000852,Stip,23.0,Female,14.0,Quarterly,4.0,81.0,361.0,High,1
STUDENT-000853,Bitola,18.0,Female,39.0,Quarterly,7.0,45.0,278.0,Moderate,0
STUDENT-000854,,29.0,Male,18.0,Monthly,6.0,90.0,715.0,High,1
STUDENT-000855,Veles,32.0,Male,21.0,Annually,5.0,48.0,323.0,Moderate,0
STUDENT-000856,,28.0,Female,34.0,Monthly,6.0,,,Moderate,1
STUDENT-000857,Skopje,19.0,Female,27.0,Monthly,5.0,60.0,348.0,High,1
STUDENT-000858,Kumanovo,29.0,Female,19.0,Annually,,59.0,494.0,High,1
STUDENT-000859,Veles,30.0,Female,33.0,Quarterly,5.0,40.0,175.0,Moderate,1
STUDENT-000860,Stip,34.0,Female,,Quarterly,5.0,73.0,329.0,Moderate,1
STUDENT-000861,Stip,19.0,Male,23.0,Annually,5.0,40.0,151.0,,0
STUDENT-000862,Skopje,23.0,Male,21.0,Monthly,8.0,38.0,341.0,Moderate,1
STUDENT-000863,Veles,29.0,Male,22.0,Annually,3.0,77.0,,Moderate,1
STUDENT-000864,Veles,25.0,Male,35.0,Quarterly,6.0,86.0,,High,1
STUDENT-000865,Kumanovo,18.0,Male,12.0,Monthly,4.0,49.0,,Moderate,1
STUDENT-000866,Veles,27.0,Female,,Monthly,9.0,75.0,585.0,Moderate,1
STUDENT-000867,Veles,28.0,Female,1.0,Monthly,5.0,71.0,369.0,Moderate,0
STUDENT-000868,Prilep,25.0,Female,5.0,Annually,7.0,58.0,,Moderate,1
STUDENT-000869,Skopje,26.0,Male,13.0,Monthly,7.0,,636.0,Moderate,1
STUDENT-000870,Prilep,,Female,19.0,Monthly,11.0,57.0,709.0,Very High,1
STUDENT-000871,Bitola,33.0,Female,41.0,Quarterly,4.0,67.0,292.0,High,1
STUDENT-000872,Skopje,19.0,Female,26.0,Quarterly,3.0,41.0,128.0,Moderate,0
STUDENT-000873,Skopje,21.0,Female,9.0,Monthly,4.0,,,,1
STUDENT-000874,,25.0,Female,11.0,Annually,4.0,77.0,241.0,Moderate,0
STUDENT-000875,Tetovo,30.0,Female,36.0,Quarterly,2.0,68.0,109.0,Moderate,0
STUDENT-000876,Tetovo,18.0,Male,33.0,Annually,3.0,57.0,273.0,Moderate,0
STUDENT-000877,Kumanovo,18.0,Female,20.0,Monthly,11.0,88.0,903.0,Moderate,1
STUDENT-000878,Tetovo,18.0,Male,14.0,Monthly,6.0,,,Moderate,1
STUDENT-000879,Kumanovo,25.0,Male,33.0,Quarterly,5.0,66.0,367.0,,1
STUDENT-000880,Skopje,18.0,Male,8.0,Monthly,3.0,38.0,118.0,High,0
STUDENT-000881,,22.0,Female,24.0,Quarterly,7.0,58.0,474.0,Moderate,1
STUDENT-000882,Prilep,28.0,Female,47.0,Monthly,7.0,47.0,420.0,High,1
STUDENT-000883,Bitola,21.0,Female,22.0,Annually,5.0,61.0,333.0,,1
STUDENT-000884,Veles,26.0,Male,10.0,Annually,5.0,45.0,308.0,Moderate,1
STUDENT-000885,Kumanovo,23.0,Male,24.0,Annually,2.0,42.0,28.0,Moderate,0
STUDENT-000886,Skopje,,Female,14.0,Annually,,30.0,50.0,,1
STUDENT-000887,Bitola,27.0,Male,3.0,Annually,7.0,,578.0,High,1
STUDENT-000888,,20.0,Female,28.0,Monthly,6.0,30.0,,Moderate,1
STUDENT-000889,,23.0,Male,,Monthly,5.0,55.0,198.0,Moderate,0
STUDENT-000890,Skopje,31.0,Female,16.0,Annually,11.0,70.0,769.0,Moderate,1
STUDENT-000891,Kumanovo,27.0,Female,15.0,Annually,6.0,49.0,302.0,High,1
STUDENT-000892,Tetovo,18.0,Female,,Annually,5.0,43.0,239.0,High,0
STUDENT-000893,,28.0,Male,18.0,Annually,5.0,58.0,366.0,Moderate,1
STUDENT-000894,Kumanovo,18.0,Female,13.0,Monthly,6.0,47.0,392.0,Moderate,0
STUDENT-000895,Tetovo,33.0,Female,7.0,Annually,7.0,62.0,436.0,High,1
STUDENT-000896,Tetovo,31.0,Female,42.0,Annually,,44.0,331.0,,1
STUDENT-000897,,26.0,Female,25.0,Quarterly,8.0,58.0,,Moderate,1
STUDENT-000898,Skopje,25.0,,26.0,Annually,2.0,54.0,,Moderate,0
STUDENT-000899,Tetovo,23.0,Female,30.0,Quarterly,3.0,59.0,75.0,Moderate,1
STUDENT-000900,,29.0,Male,29.0,Annually,8.0,84.0,733.0,Moderate,1
STUDENT-000901,Skopje,22.0,Male,,Monthly,8.0,62.0,532.0,Moderate,0
STUDENT-000902,Bitola,26.0,Female,23.0,Annually,9.0,67.0,626.0,Moderate,1
STUDENT-000903,Stip,30.0,Female,16.0,Monthly,9.0,50.0,391.0,,1
STUDENT-000904,Prilep,21.0,,25.0,Monthly,3.0,63.0,,,1
STUDENT-000905,Kumanovo,21.0,Male,24.0,Monthly,3.0,55.0,174.0,Moderate,1
STUDENT-000906,Prilep,18.0,Male,15.0,Quarterly,7.0,,351.0,Moderate,1
STUDENT-000907,Bitola,18.0,Male,4.0,Monthly,3.0,69.0,128.0,Moderate,0
STUDENT-000908,Ohrid,18.0,Female,21.0,Annually,4.0,52.0,248.0,Moderate,1
STUDENT-000909,,29.0,Male,17.0,Quarterly,7.0,54.0,,Moderate,1
STUDENT-000910,Veles,35.0,Female,1.0,Annually,,52.0,336.0,Moderate,0
STUDENT-000911,Bitola,33.0,Male,26.0,Monthly,,52.0,287.0,Moderate,1
STUDENT-000912,Prilep,18.0,Male,31.0,Monthly,7.0,62.0,474.0,High,1
STUDENT-000913,Stip,29.0,,50.0,Monthly,4.0,54.0,,Moderate,0
STUDENT-000914,Tetovo,,Male,15.0,Quarterly,8.0,82.0,,High,1
STUDENT-000915,Prilep,22.0,Male,13.0,Quarterly,4.0,100.0,457.0,,1
STUDENT-000916,Tetovo,25.0,Female,6.0,Annually,7.0,51.0,407.0,Moderate,0
STUDENT-000917,Veles,18.0,,22.0,Annually,11.0,64.0,738.0,Moderate,1
STUDENT-000918,Ohrid,26.0,Female,22.0,Quarterly,4.0,75.0,249.0,High,1
STUDENT-000919,Kumanovo,18.0,Male,10.0,Annually,6.0,,256.0,High,0
STUDENT-000920,Veles,26.0,Female,17.0,Quarterly,7.0,45.0,319.0,Moderate,1
STUDENT-000921,,18.0,Female,,Quarterly,5.0,,,Moderate,1
STUDENT-000922,Prilep,28.0,Female,31.0,Monthly,4.0,,342.0,Moderate,0
STUDENT-000923,Bitola,31.0,Male,10.0,Monthly,2.0,64.0,163.0,Moderate,1
STUDENT-000924,Bitola,20.0,Male,19.0,Monthly,4.0,81.0,296.0,Moderate,1
STUDENT-000925,,18.0,Male,2.0,Annually,6.0,,377.0,Moderate,0
STUDENT-000926,Tetovo,18.0,Male,13.0,Quarterly,6.0,59.0,352.0,Moderate,1
STUDENT-000927,,23.0,Female,16.0,Monthly,6.0,45.0,269.0,Moderate,1
STUDENT-000928,Prilep,21.0,Male,19.0,Quarterly,6.0,,378.0,Moderate,1
STUDENT-000929,Tetovo,18.0,Male,25.0,Monthly,7.0,78.0,517.0,Moderate,1
STUDENT-000930,Tetovo,27.0,Male,37.0,Monthly,,,,Moderate,1
STUDENT-000931,Kumanovo,22.0,Female,28.0,Annually,2.0,,,Moderate,0
STUDENT-000932,Ohrid,18.0,Male,,Monthly,7.0,86.0,695.0,High,1
STUDENT-000933,Kumanovo,21.0,Male,,Monthly,,57.0,175.0,Moderate,0
STUDENT-000934,Prilep,31.0,Male,,Quarterly,12.0,74.0,,Moderate,1
STUDENT-000935,Stip,28.0,Female,19.0,Monthly,5.0,63.0,247.0,Moderate,1
STUDENT-000936,Bitola,24.0,Male,32.0,Quarterly,5.0,88.0,413.0,Moderate,0
STUDENT-000937,Bitola,28.0,Female,,Monthly,3.0,71.0,193.0,Moderate,1
STUDENT-000938,,18.0,Male,27.0,Quarterly,5.0,,,Moderate,1
STUDENT-000939,Tetovo,25.0,Male,2.0,Quarterly,6.0,57.0,379.0,Moderate,0
STUDENT-000940,Kumanovo,25.0,Male,,Monthly,6.0,59.0,,Moderate,1
STUDENT-000941,Prilep,22.0,Male,16.0,Quarterly,3.0,49.0,183.0,Moderate,0
STUDENT-000942,Stip,27.0,Male,29.0,Monthly,,,,High,1
STUDENT-000943,Prilep,20.0,Female,19.0,Monthly,8.0,,534.0,,1
STUDENT-000944,Bitola,28.0,Female,33.0,Annually,10.0,,514.0,Moderate,1
STUDENT-000945,Skopje,28.0,Male,35.0,Monthly,7.0,51.0,,Moderate,0
STUDENT-000946,Stip,18.0,Male,34.0,Quarterly,5.0,58.0,,Moderate,1
STUDENT-000947,,32.0,Female,34.0,Monthly,6.0,60.0,,High,1
STUDENT-000948,Stip,18.0,Male,7.0,Annually,7.0,60.0,,High,1
STUDENT-000949,Ohrid,21.0,Male,25.0,Monthly,2.0,86.0,146.0,,1
STUDENT-000950,Skopje,31.0,Male,12.0,Monthly,2.0,69.0,,Moderate,0
STUDENT-000951,Ohrid,23.0,Male,1.0,Annually,4.0,,349.0,Moderate,0
STUDENT-000952,Tetovo,18.0,Male,16.0,Quarterly,5.0,53.0,370.0,Moderate,1
STUDENT-000953,Prilep,18.0,Female,35.0,Annually,,71.0,267.0,Moderate,1
STUDENT-000954,Veles,31.0,Female,25.0,Monthly,10.0,54.0,,High,1
STUDENT-000955,Tetovo,18.0,Female,44.0,Quarterly,3.0,,182.0,High,0
STUDENT-000956,Prilep,31.0,Male,22.0,Annually,7.0,92.0,,Moderate,1
STUDENT-000957,Kumanovo,24.0,Male,49.0,Quarterly,5.0,48.0,,Moderate,0
STUDENT-000958,Stip,18.0,Male,22.0,Quarterly,5.0,30.0,205.0,,1
STUDENT-000959,Prilep,21.0,Male,20.0,Monthly,8.0,49.0,491.0,Moderate,1
STUDENT-000960,,18.0,,4.0,Annually,6.0,30.0,,Moderate,0
STUDENT-000961,,30.0,Male,33.0,Annually,8.0,45.0,368.0,Moderate,1
STUDENT-000962,Veles,29.0,Male,13.0,Quarterly,7.0,47.0,446.0,High,1
STUDENT-000963,Bitola,18.0,Male,12.0,Annually,,60.0,585.0,Moderate,1
STUDENT-000964,Stip,22.0,Male,35.0,Quarterly,4.0,30.0,,Moderate,0
STUDENT-000965,Tetovo,19.0,Female,33.0,Quarterly,9.0,77.0,666.0,High,1
STUDENT-000966,,32.0,Male,33.0,Monthly,8.0,31.0,311.0,High,1
STUDENT-000967,Ohrid,18.0,Female,15.0,Quarterly,7.0,,477.0,Moderate,1
STUDENT-000968,Stip,34.0,Male,19.0,Annually,3.0,,174.0,High,1
STUDENT-000969,Skopje,24.0,Female,19.0,Quarterly,3.0,72.0,217.0,Moderate,1
STUDENT-000970,Ohrid,18.0,Male,,Monthly,6.0,65.0,286.0,Low,0
STUDENT-000971,,20.0,Female,38.0,Quarterly,5.0,77.0,470.0,Moderate,1
STUDENT-000972,,20.0,Male,24.0,Annually,1.0,54.0,32.0,Moderate,0
STUDENT-000973,Prilep,18.0,Male,43.0,Annually,8.0,,415.0,Moderate,1
STUDENT-000974,Bitola,25.0,Female,30.0,Monthly,5.0,,388.0,Moderate,1
STUDENT-000975,Bitola,18.0,Male,17.0,Monthly,8.0,75.0,611.0,Moderate,0
STUDENT-000976,Skopje,18.0,Male,29.0,Monthly,1.0,72.0,,Moderate,1
STUDENT-000977,Tetovo,22.0,,40.0,Monthly,6.0,,420.0,High,1
STUDENT-000978,Ohrid,18.0,Male,,Annually,8.0,63.0,516.0,Moderate,1
STUDENT-000979,Tetovo,20.0,Female,34.0,Monthly,5.0,59.0,313.0,High,1
STUDENT-000980,Tetovo,19.0,Female,20.0,Quarterly,9.0,66.0,526.0,Moderate,1
STUDENT-000981,Kumanovo,19.0,Male,17.0,Monthly,4.0,90.0,351.0,Moderate,0
STUDENT-000982,Tetovo,37.0,Male,26.0,Monthly,4.0,56.0,289.0,Moderate,1
STUDENT-000983,Kumanovo,25.0,Male,40.0,Annually,6.0,,270.0,Moderate,1
STUDENT-000984,Tetovo,26.0,Female,25.0,Quarterly,7.0,53.0,328.0,High,1
STUDENT-000985,Kumanovo,18.0,Male,,Monthly,7.0,65.0,402.0,Moderate,1
STUDENT-000986,Tetovo,21.0,Male,20.0,Monthly,4.0,30.0,129.0,Moderate,0
STUDENT-000987,Ohrid,26.0,Male,16.0,Monthly,15.0,57.0,939.0,Low,1
STUDENT-000988,Bitola,18.0,,18.0,Annually,6.0,73.0,470.0,Moderate,1
STUDENT-000989,Veles,30.0,Female,,Monthly,7.0,52.0,233.0,Moderate,1
STUDENT-000990,Ohrid,18.0,Female,40.0,Quarterly,13.0,,844.0,Moderate,1
STUDENT-000991,Tetovo,23.0,Female,17.0,Monthly,7.0,91.0,610.0,Low,1
STUDENT-000992,Bitola,21.0,Female,20.0,Quarterly,4.0,64.0,286.0,,0
STUDENT-000993,Prilep,25.0,,9.0,Monthly,3.0,,81.0,Moderate,0
STUDENT-000994,Tetovo,21.0,Female,28.0,Annually,6.0,38.0,176.0,Moderate,0
STUDENT-000995,,23.0,Female,36.0,Annually,1.0,56.0,51.0,,0
STUDENT-000996,Tetovo,23.0,,39.0,Monthly,5.0,47.0,208.0,Moderate,1
STUDENT-000997,Ohrid,,Female,,Quarterly,,,445.0,High,1
STUDENT-000998,Stip,27.0,Female,26.0,Monthly,5.0,55.0,,Moderate,1
STUDENT-000999,Tetovo,26.0,,18.0,Monthly,7.0,77.0,471.0,Moderate,1
STUDENT-001000,,24.0,Male,26.0,Monthly,,43.0,301.0,Moderate,1
STUDENT-001001,Kumanovo,22.0,Male,23.0,Monthly,7.0,,458.0,,1
STUDENT-001002,,29.0,Female,20.0,Monthly,,63.0,475.0,Moderate,1
STUDENT-001003,Stip,23.0,,21.0,Monthly,7.0,65.0,416.0,,1
STUDENT-001004,Bitola,23.0,Female,25.0,Annually,3.0,,141.0,Moderate,0
STUDENT-001005,Stip,25.0,Male,16.0,Monthly,5.0,30.0,109.0,High,0
STUDENT-001006,Veles,35.0,Female,17.0,Quarterly,7.0,,480.0,,0
STUDENT-001007,Tetovo,18.0,Male,40.0,Quarterly,6.0,,292.0,Moderate,0
STUDENT-001008,,29.0,Female,52.0,Monthly,7.0,72.0,557.0,High,1
STUDENT-001009,Tetovo,18.0,Female,5.0,Monthly,,70.0,318.0,Very High,1
STUDENT-001010,Ohrid,26.0,Male,4.0,Monthly,6.0,63.0,,Moderate,1
STUDENT-001011,Veles,34.0,Male,8.0,Quarterly,7.0,64.0,511.0,Moderate,1
STUDENT-001012,Bitola,27.0,Male,18.0,Monthly,,80.0,,High,1
STUDENT-001013,Ohrid,26.0,Male,30.0,Quarterly,0.0,77.0,0.0,High,0
STUDENT-001014,,21.0,Female,,Monthly,3.0,64.0,228.0,High,0
STUDENT-001015,Veles,25.0,Female,,Monthly,10.0,92.0,,High,1
STUDENT-001016,Prilep,23.0,Female,26.0,Annually,7.0,50.0,327.0,Moderate,0
STUDENT-001017,Prilep,20.0,Female,11.0,Quarterly,5.0,42.0,,Moderate,1
STUDENT-001018,Skopje,23.0,Male,17.0,Quarterly,5.0,59.0,285.0,Moderate,1
STUDENT-001019,Skopje,26.0,Female,19.0,Monthly,5.0,54.0,,High,0
STUDENT-001020,Skopje,20.0,Female,1.0,Monthly,4.0,30.0,187.0,Moderate,0
STUDENT-001021,Skopje,20.0,Male,6.0,Annually,6.0,50.0,275.0,Moderate,0
STUDENT-001022,Veles,18.0,,6.0,Quarterly,,65.0,225.0,Moderate,0
STUDENT-001023,Veles,,Male,29.0,Monthly,7.0,59.0,,Moderate,1
STUDENT-001024,Veles,28.0,,22.0,Annually,6.0,48.0,,Moderate,1
STUDENT-001025,Skopje,26.0,Female,27.0,Quarterly,5.0,,255.0,High,1
STUDENT-001026,Skopje,30.0,Female,1.0,Monthly,6.0,61.0,403.0,High,1
STUDENT-001027,Ohrid,25.0,Male,2.0,Monthly,,70.0,288.0,Moderate,1
STUDENT-001028,Tetovo,27.0,,27.0,Quarterly,,50.0,488.0,Low,1
STUDENT-001029,,26.0,Male,1.0,Monthly,9.0,73.0,675.0,Moderate,1
STUDENT-001030,Prilep,24.0,Female,34.0,Quarterly,5.0,43.0,176.0,Very High,1
STUDENT-001031,Bitola,21.0,Male,1.0,Quarterly,8.0,,415.0,Moderate,1
STUDENT-001032,Kumanovo,38.0,Female,30.0,Monthly,3.0,85.0,331.0,Moderate,0
STUDENT-001033,Ohrid,22.0,Female,,Annually,6.0,44.0,,Moderate,1
STUDENT-001034,Skopje,21.0,Male,32.0,Monthly,9.0,50.0,540.0,Moderate,1
STUDENT-001035,Kumanovo,27.0,Male,58.0,Monthly,4.0,41.0,159.0,Moderate,0
STUDENT-001036,Stip,26.0,,1.0,Quarterly,8.0,47.0,436.0,Moderate,0
STUDENT-001037,,18.0,Male,28.0,Quarterly,3.0,,153.0,,0
STUDENT-001038,Prilep,31.0,Male,1.0,Monthly,6.0,70.0,426.0,Moderate,1
STUDENT-001039,Veles,24.0,Male,25.0,Quarterly,8.0,59.0,416.0,High,1
STUDENT-001040,Kumanovo,18.0,Male,17.0,Monthly,8.0,55.0,391.0,Moderate,1
STUDENT-001041,Veles,32.0,Female,21.0,Annually,6.0,41.0,232.0,Moderate,1
STUDENT-001042,Prilep,28.0,Female,9.0,Annually,,49.0,410.0,Moderate,1
STUDENT-001043,Ohrid,18.0,Male,,Monthly,5.0,36.0,,Moderate,1
STUDENT-001044,Kumanovo,,Male,2.0,Monthly,2.0,71.0,123.0,Moderate,0
STUDENT-001045,Bitola,28.0,Male,34.0,Quarterly,8.0,72.0,,Moderate,1
STUDENT-001046,Bitola,,Male,15.0,Monthly,7.0,59.0,334.0,High,1
STUDENT-001047,Tetovo,34.0,Female,,Annually,5.0,66.0,372.0,Moderate,1
STUDENT-001048,Kumanovo,25.0,Male,,Monthly,8.0,73.0,685.0,,1
STUDENT-001049,Skopje,24.0,Female,,Monthly,6.0,61.0,455.0,Moderate,1
STUDENT-001050,Tetovo,21.0,Female,42.0,Monthly,10.0,80.0,,Moderate,1
STUDENT-001051,Ohrid,28.0,Female,34.0,Monthly,10.0,44.0,442.0,High,1
STUDENT-001052,Tetovo,27.0,Female,10.0,Monthly,7.0,54.0,356.0,Moderate,0
STUDENT-001053,Stip,25.0,Male,18.0,Quarterly,6.0,52.0,341.0,Moderate,1
STUDENT-001054,Skopje,20.0,Male,21.0,Quarterly,4.0,69.0,261.0,Moderate,1
STUDENT-001055,Stip,25.0,Male,,Monthly,7.0,,161.0,Moderate,0
STUDENT-001056,Prilep,24.0,Female,25.0,Monthly,5.0,81.0,454.0,Moderate,1
STUDENT-001057,Veles,18.0,Female,22.0,Monthly,2.0,68.0,,Moderate,1
STUDENT-001058,,18.0,Male,17.0,Monthly,4.0,86.0,255.0,Moderate,1
STUDENT-001059,Ohrid,28.0,Male,19.0,Quarterly,5.0,59.0,,Moderate,1
STUDENT-001060,,18.0,Male,35.0,Quarterly,8.0,51.0,395.0,Moderate,1
STUDENT-001061,Kumanovo,26.0,Female,20.0,Quarterly,7.0,,483.0,Moderate,1
STUDENT-001062,Bitola,22.0,Female,,Annually,2.0,75.0,,Moderate,0
STUDENT-001063,,32.0,Female,13.0,Quarterly,6.0,,376.0,Moderate,0
STUDENT-001064,Veles,22.0,Female,13.0,Annually,6.0,,,,1
STUDENT-001065,Prilep,28.0,Male,,Annually,3.0,32.0,,Moderate,0
STUDENT-001066,Stip,22.0,Female,10.0,Monthly,4.0,63.0,,Moderate,1
STUDENT-001067,Kumanovo,25.0,Female,37.0,Monthly,9.0,83.0,822.0,Moderate,1
STUDENT-001068,Ohrid,29.0,Male,17.0,Monthly,5.0,40.0,166.0,Moderate,1
STUDENT-001069,,22.0,Female,28.0,Monthly,,55.0,199.0,Moderate,1
STUDENT-001070,Kumanovo,30.0,Male,1.0,Quarterly,4.0,,278.0,Moderate,0
STUDENT-001071,Bitola,19.0,,,Monthly,7.0,88.0,695.0,Moderate,1
STUDENT-001072,Veles,26.0,Female,,Monthly,7.0,,,Moderate,1
STUDENT-001073,Tetovo,30.0,Female,14.0,Monthly,4.0,66.0,165.0,Moderate,1
STUDENT-001074,,28.0,,22.0,Quarterly,1.0,73.0,101.0,Moderate,0
STUDENT-001075,Bitola,36.0,Male,14.0,Quarterly,2.0,73.0,162.0,Moderate,0
STUDENT-001076,Kumanovo,20.0,Female,1.0,Annually,7.0,40.0,276.0,High,0
STUDENT-001077,Bitola,18.0,Female,31.0,Monthly,10.0,70.0,,Moderate,1
STUDENT-001078,Prilep,19.0,Female,,Monthly,,44.0,297.0,,0
STUDENT-001079,Veles,28.0,Female,16.0,Annually,5.0,57.0,347.0,Moderate,1
STUDENT-001080,,27.0,Male,8.0,Quarterly,8.0,77.0,669.0,High,1
STUDENT-001081,Stip,25.0,Female,2.0,Monthly,9.0,61.0,561.0,,1
STUDENT-001082,Stip,18.0,Female,22.0,Quarterly,8.0,76.0,,High,1
STUDENT-001083,Tetovo,29.0,Male,39.0,Monthly,,79.0,528.0,Moderate,1
STUDENT-001084,,18.0,Female,22.0,Annually,5.0,33.0,,,0
STUDENT-001085,Veles,31.0,Female,3.0,Quarterly,,30.0,,Moderate,0
STUDENT-001086,Veles,42.0,Female,22.0,Monthly,5.0,77.0,388.0,Moderate,1
STUDENT-001087,,27.0,Female,19.0,Quarterly,7.0,78.0,624.0,Moderate,1
STUDENT-001088,Kumanovo,28.0,Male,,Monthly,11.0,63.0,662.0,,1
STUDENT-001089,Bitola,,Female,27.0,Monthly,5.0,65.0,354.0,High,1
STUDENT-001090,Tetovo,18.0,Male,1.0,Annually,8.0,73.0,495.0,Moderate,1
STUDENT-001091,Prilep,21.0,Female,,Quarterly,7.0,73.0,575.0,High,1
STUDENT-001092,Veles,18.0,,7.0,Monthly,9.0,,499.0,,1
STUDENT-001093,Prilep,18.0,,2.0,Monthly,6.0,74.0,427.0,High,0
STUDENT-001094,Ohrid,35.0,Female,17.0,Annually,1.0,54.0,181.0,Moderate,0
STUDENT-001095,Skopje,26.0,Female,24.0,Monthly,4.0,63.0,316.0,Moderate,0
STUDENT-001096,Veles,27.0,Female,1.0,Monthly,9.0,63.0,504.0,Moderate,1
STUDENT-001097,Veles,23.0,,28.0,Quarterly,6.0,47.0,275.0,Moderate,1
STUDENT-001098,,23.0,Female,29.0,Annually,10.0,48.0,644.0,Moderate,1
STUDENT-001099,Prilep,,Female,20.0,Quarterly,8.0,93.0,862.0,Moderate,1
STUDENT-001100,Prilep,24.0,Male,9.0,Annually,5.0,46.0,285.0,Moderate,0
STUDENT-001101,Prilep,28.0,Female,8.0,Monthly,7.0,65.0,,High,0
STUDENT-001102,Stip,23.0,Female,32.0,Annually,7.0,68.0,555.0,Moderate,1
STUDENT-001103,,22.0,Female,1.0,Monthly,5.0,59.0,256.0,High,0
STUDENT-001104,Ohrid,18.0,,32.0,Quarterly,5.0,70.0,429.0,Very High,0
STUDENT-001105,Bitola,18.0,Male,18.0,Quarterly,6.0,64.0,340.0,Moderate,1
STUDENT-001106,Bitola,23.0,,18.0,Monthly,,,351.0,Moderate,1
STUDENT-001107,Stip,25.0,Male,1.0,Monthly,3.0,68.0,165.0,Moderate,0
STUDENT-001108,Stip,18.0,Male,18.0,Monthly,3.0,51.0,131.0,High,1
STUDENT-001109,Skopje,24.0,Male,27.0,Monthly,6.0,86.0,553.0,Moderate,1
STUDENT-001110,,25.0,Male,3.0,Annually,5.0,66.0,250.0,Moderate,0
STUDENT-001111,Bitola,18.0,Male,25.0,Monthly,6.0,49.0,,High,1
STUDENT-001112,Bitola,19.0,Female,21.0,Quarterly,8.0,65.0,,High,1
STUDENT-001113,Ohrid,27.0,Male,12.0,Monthly,6.0,,211.0,Moderate,0
STUDENT-001114,Bitola,27.0,,30.0,Monthly,0.0,63.0,37.0,Moderate,0
STUDENT-001115,Prilep,18.0,Male,1.0,Monthly,8.0,56.0,525.0,Moderate,1
STUDENT-001116,Stip,25.0,Female,24.0,Monthly,3.0,47.0,121.0,,1
STUDENT-001117,Tetovo,,Male,39.0,Quarterly,7.0,47.0,,High,0
STUDENT-001118,Kumanovo,29.0,Male,,Annually,9.0,,808.0,Moderate,1
STUDENT-001119,Prilep,24.0,Female,24.0,Monthly,9.0,61.0,,,1
STUDENT-001120,,22.0,Male,,Annually,8.0,53.0,442.0,High,1
STUDENT-001121,Skopje,21.0,Female,12.0,Quarterly,7.0,50.0,345.0,Moderate,1
STUDENT-001122,Ohrid,27.0,Male,16.0,Quarterly,6.0,67.0,427.0,,1
STUDENT-001123,Bitola,26.0,Male,26.0,Monthly,6.0,50.0,321.0,Moderate,1
STUDENT-001124,Veles,28.0,Male,10.0,Monthly,4.0,43.0,221.0,Low,0
STUDENT-001125,Veles,25.0,Female,29.0,Annually,6.0,59.0,329.0,Moderate,1
STUDENT-001126,,29.0,Male,,Quarterly,7.0,59.0,,Moderate,1
STUDENT-001127,Kumanovo,25.0,,19.0,Monthly,4.0,,,,1
STUDENT-001128,,29.0,Male,3.0,Annually,5.0,46.0,,High,0
STUDENT-001129,,30.0,Female,3.0,Monthly,3.0,,177.0,,0
STUDENT-001130,Prilep,20.0,Male,29.0,Annually,6.0,52.0,269.0,,1
STUDENT-001131,,18.0,Male,,Monthly,6.0,50.0,338.0,Very High,1
STUDENT-001132,Veles,34.0,Male,30.0,Annually,3.0,64.0,,High,0
STUDENT-001133,Veles,26.0,Female,13.0,Monthly,5.0,93.0,,Moderate,0
STUDENT-001134,Tetovo,18.0,Male,29.0,Monthly,6.0,79.0,541.0,Moderate,1
STUDENT-001135,Skopje,20.0,Female,18.0,Quarterly,9.0,89.0,733.0,Moderate,1
STUDENT-001136,Kumanovo,29.0,Female,11.0,Monthly,,51.0,165.0,Moderate,0
STUDENT-001137,Ohrid,23.0,Female,15.0,Annually,3.0,,,High,1
STUDENT-001138,,21.0,Male,5.0,Monthly,5.0,63.0,219.0,Moderate,0
STUDENT-001139,Tetovo,,Female,43.0,Monthly,9.0,74.0,576.0,,1
STUDENT-001140,Stip,18.0,,18.0,Monthly,6.0,66.0,403.0,Moderate,1
STUDENT-001141,Ohrid,20.0,,27.0,Annually,,54.0,475.0,Moderate,1
STUDENT-001142,Stip,26.0,Female,13.0,Quarterly,2.0,70.0,217.0,Moderate,1
STUDENT-001143,Veles,27.0,,7.0,Annually,7.0,67.0,,Moderate,1
STUDENT-001144,Ohrid,27.0,Female,17.0,Monthly,5.0,,216.0,Moderate,1
STUDENT-001145,Prilep,30.0,,,Annually,6.0,58.0,298.0,Moderate,1
STUDENT-001146,,26.0,Male,13.0,Quarterly,6.0,73.0,387.0,Moderate,1
STUDENT-001147,Veles,27.0,Female,9.0,Monthly,4.0,64.0,,Moderate,1
STUDENT-001148,Kumanovo,23.0,Female,21.0,Monthly,6.0,67.0,487.0,Moderate,1
STUDENT-001149,Veles,25.0,Female,25.0,Monthly,4.0,,130.0,High,0
STUDENT-001150,Ohrid,25.0,Female,39.0,Annually,9.0,63.0,644.0,Moderate,1
STUDENT-001151,Tetovo,26.0,Male,24.0,Annually,5.0,58.0,174.0,Moderate,1
STUDENT-001152,,29.0,,27.0,Monthly,,56.0,471.0,Moderate,1
STUDENT-001153,Stip,28.0,Male,28.0,Annually,4.0,49.0,189.0,,0
STUDENT-001154,Ohrid,25.0,Female,6.0,Monthly,5.0,73.0,352.0,Moderate,1
STUDENT-001155,Tetovo,20.0,Male,8.0,Monthly,6.0,65.0,,Moderate,1
STUDENT-001156,Skopje,25.0,Female,6.0,Monthly,6.0,63.0,,Moderate,1
STUDENT-001157,Veles,,Female,4.0,Monthly,10.0,90.0,926.0,Moderate,1
STUDENT-001158,Prilep,26.0,Female,29.0,Monthly,6.0,67.0,405.0,Moderate,1
STUDENT-001159,Ohrid,38.0,Male,,Monthly,7.0,78.0,602.0,Moderate,1
STUDENT-001160,Tetovo,21.0,Female,20.0,Monthly,7.0,64.0,543.0,Moderate,1
STUDENT-001161,,27.0,Male,1.0,Quarterly,2.0,54.0,115.0,,0
STUDENT-001162,Veles,31.0,,44.0,Annually,5.0,44.0,,Moderate,1
STUDENT-001163,Tetovo,25.0,,9.0,Quarterly,8.0,,435.0,Moderate,0
STUDENT-001164,Tetovo,39.0,Male,44.0,Monthly,6.0,30.0,281.0,High,0
STUDENT-001165,Skopje,22.0,Male,2.0,Annually,3.0,,286.0,Moderate,0
STUDENT-001166,Skopje,26.0,Female,10.0,Monthly,3.0,64.0,245.0,Moderate,0
STUDENT-001167,Prilep,20.0,Male,1.0,Annually,7.0,,,Low,1
STUDENT-001168,Stip,22.0,Female,24.0,Quarterly,1.0,58.0,106.0,,0
STUDENT-001169,Stip,26.0,Female,,Monthly,4.0,,242.0,Moderate,0
STUDENT-001170,,30.0,Female,7.0,Monthly,7.0,80.0,522.0,High,0
STUDENT-001171,Kumanovo,26.0,Male,3.0,Annually,3.0,54.0,163.0,Moderate,1
STUDENT-001172,Prilep,32.0,Male,29.0,Annually,2.0,45.0,23.0,High,0
STUDENT-001173,,24.0,Male,28.0,Quarterly,11.0,,740.0,Moderate,1
STUDENT-001174,Skopje,23.0,Male,41.0,Annually,7.0,,,Moderate,1
STUDENT-001175,,41.0,Female,11.0,Annually,7.0,54.0,,High,1
STUDENT-001176,Ohrid,27.0,Male,22.0,Monthly,5.0,53.0,273.0,Moderate,0
STUDENT-001177,,20.0,Male,4.0,Monthly,7.0,,,Moderate,1
STUDENT-001178,Ohrid,20.0,Male,15.0,Monthly,1.0,,40.0,Moderate,0
STUDENT-001179,Skopje,19.0,Female,13.0,Quarterly,4.0,67.0,274.0,Moderate,1
STUDENT-001180,Tetovo,30.0,Male,25.0,Monthly,7.0,59.0,400.0,High,1
STUDENT-001181,Stip,22.0,Female,32.0,Annually,5.0,72.0,361.0,Moderate,1
STUDENT-001182,Kumanovo,25.0,Male,31.0,Quarterly,3.0,60.0,194.0,High,1
STUDENT-001183,Prilep,24.0,Female,9.0,Monthly,,66.0,627.0,Moderate,1
STUDENT-001184,Prilep,29.0,Female,31.0,Monthly,,62.0,371.0,Moderate,1
STUDENT-001185,Ohrid,19.0,Male,19.0,Monthly,7.0,68.0,467.0,Moderate,1
STUDENT-001186,Bitola,18.0,Male,,Quarterly,2.0,53.0,,Very High,0
STUDENT-001187,Tetovo,,Male,11.0,Annually,7.0,42.0,404.0,High,1
STUDENT-001188,Tetovo,28.0,Male,13.0,Monthly,7.0,,,Moderate,1
STUDENT-001189,Skopje,26.0,Male,40.0,Quarterly,5.0,82.0,274.0,Moderate,1
STUDENT-001190,Prilep,20.0,Female,23.0,Quarterly,,43.0,,Moderate,0
STUDENT-001191,Ohrid,29.0,Female,22.0,Monthly,5.0,62.0,,High,1
STUDENT-001192,Bitola,20.0,Male,16.0,Quarterly,3.0,53.0,212.0,Moderate,0
STUDENT-001193,Kumanovo,21.0,Female,49.0,Monthly,6.0,73.0,397.0,Moderate,1
STUDENT-001194,Tetovo,19.0,Male,,Monthly,7.0,63.0,,High,1
STUDENT-001195,Kumanovo,32.0,Female,11.0,Monthly,2.0,109.0,215.0,Moderate,0
STUDENT-001196,Kumanovo,28.0,Male,16.0,Annually,7.0,55.0,445.0,Moderate,1
STUDENT-001197,Stip,28.0,Female,17.0,Monthly,6.0,,485.0,Moderate,1
STUDENT-001198,Veles,32.0,Female,21.0,Monthly,8.0,84.0,632.0,,1
STUDENT-001199,Tetovo,,Male,11.0,Quarterly,6.0,68.0,,Moderate,1
STUDENT-001200,Stip,18.0,,25.0,Annually,4.0,60.0,217.0,Moderate,1
STUDENT-001201,Prilep,20.0,Male,37.0,Quarterly,,61.0,311.0,Moderate,0
STUDENT-001202,Stip,21.0,Female,4.0,Monthly,6.0,60.0,323.0,Moderate,1
STUDENT-001203,Veles,19.0,Female,,Quarterly,6.0,76.0,628.0,Moderate,1
STUDENT-001204,Kumanovo,18.0,Female,14.0,Monthly,,46.0,212.0,Moderate,1
STUDENT-001205,Stip,23.0,Female,14.0,Quarterly,10.0,57.0,,Moderate,1
STUDENT-001206,Tetovo,,Female,43.0,Monthly,5.0,55.0,260.0,High,1
STUDENT-001207,Kumanovo,27.0,Male,32.0,Monthly,7.0,34.0,348.0,Moderate,1
STUDENT-001208,Ohrid,25.0,Female,31.0,Monthly,5.0,72.0,293.0,Moderate,1
STUDENT-001209,Stip,27.0,Female,16.0,Quarterly,4.0,75.0,306.0,Moderate,1
STUDENT-001210,Tetovo,28.0,Male,16.0,Monthly,4.0,50.0,241.0,Moderate,1
STUDENT-001211,Veles,28.0,Female,2.0,Monthly,7.0,,514.0,Moderate,1
STUDENT-001212,Prilep,22.0,Male,29.0,Quarterly,5.0,36.0,133.0,Moderate,0
STUDENT-001213,Veles,37.0,Male,25.0,Annually,,,238.0,Moderate,1
STUDENT-001214,Skopje,26.0,Female,35.0,Monthly,6.0,,329.0,Moderate,0
STUDENT-001215,Skopje,18.0,Male,17.0,Quarterly,6.0,,,Moderate,1
STUDENT-001216,Tetovo,18.0,Male,18.0,Quarterly,4.0,61.0,299.0,Moderate,0
STUDENT-001217,Kumanovo,18.0,Male,22.0,Monthly,5.0,58.0,314.0,Moderate,1
STUDENT-001218,Veles,25.0,Female,30.0,Annually,4.0,54.0,249.0,Moderate,1
STUDENT-001219,Prilep,24.0,Female,2.0,Annually,4.0,58.0,251.0,Moderate,1
STUDENT-001220,,22.0,Male,28.0,Monthly,7.0,80.0,617.0,Moderate,1
STUDENT-001221,,37.0,Male,19.0,Monthly,11.0,51.0,639.0,Moderate,1
STUDENT-001222,Stip,28.0,Male,7.0,Monthly,11.0,93.0,1005.0,Moderate,1
STUDENT-001223,Kumanovo,29.0,Female,1.0,Monthly,,50.0,299.0,,1
STUDENT-001224,Prilep,19.0,Male,18.0,Quarterly,6.0,63.0,300.0,Moderate,1
STUDENT-001225,,19.0,Female,37.0,Annually,3.0,68.0,68.0,High,0
STUDENT-001226,Skopje,25.0,,40.0,Annually,4.0,55.0,,Moderate,1
STUDENT-001227,Stip,26.0,Male,24.0,Monthly,8.0,80.0,619.0,Moderate,1
STUDENT-001228,Bitola,18.0,Female,43.0,Monthly,10.0,68.0,,Moderate,1
STUDENT-001229,Ohrid,23.0,Female,19.0,Monthly,3.0,56.0,94.0,Moderate,0
STUDENT-001230,Veles,25.0,Female,31.0,Monthly,,80.0,,High,1
STUDENT-001231,Kumanovo,23.0,Male,14.0,Monthly,6.0,,221.0,High,1
STUDENT-001232,Stip,20.0,Female,13.0,Annually,11.0,51.0,599.0,Moderate,1
STUDENT-001233,Kumanovo,21.0,Female,11.0,Annually,5.0,68.0,309.0,High,1
STUDENT-001234,Kumanovo,23.0,,1.0,Monthly,8.0,,,Moderate,1
STUDENT-001235,Ohrid,25.0,Female,35.0,Monthly,5.0,,275.0,High,1
STUDENT-001236,Skopje,28.0,Male,12.0,Quarterly,7.0,,,Moderate,1
STUDENT-001237,Skopje,31.0,Female,10.0,Monthly,9.0,,,,1
STUDENT-001238,Ohrid,23.0,Female,5.0,Quarterly,4.0,76.0,274.0,Moderate,0
STUDENT-001239,,22.0,,17.0,Monthly,6.0,63.0,419.0,Moderate,1
STUDENT-001240,Tetovo,27.0,Male,41.0,Quarterly,8.0,,353.0,Moderate,1
STUDENT-001241,Veles,28.0,,45.0,Monthly,4.0,,163.0,Moderate,0
STUDENT-001242,Stip,,Female,,Quarterly,6.0,82.0,489.0,Moderate,1
STUDENT-001243,Prilep,29.0,Male,,Monthly,4.0,49.0,,Moderate,0
STUDENT-001244,Stip,30.0,Female,7.0,Quarterly,5.0,64.0,266.0,Moderate,1
STUDENT-001245,,,Male,31.0,Annually,9.0,,,High,1
STUDENT-001246,Veles,35.0,Male,23.0,Monthly,,68.0,829.0,Moderate,1
STUDENT-001247,Prilep,19.0,Female,12.0,Monthly,,48.0,346.0,Moderate,1
STUDENT-001248,Ohrid,25.0,Male,20.0,Monthly,5.0,,222.0,Moderate,0
STUDENT-001249,Stip,25.0,Female,14.0,Monthly,,88.0,,Moderate,1
STUDENT-001250,Bitola,24.0,Male,39.0,Quarterly,7.0,44.0,,Low,1
STUDENT-001251,,21.0,Female,26.0,Quarterly,3.0,,56.0,High,1
STUDENT-001252,Skopje,18.0,Male,,Monthly,,65.0,,Moderate,0
STUDENT-001253,Veles,25.0,Female,1.0,Annually,4.0,56.0,,Moderate,0
STUDENT-001254,Kumanovo,20.0,Female,19.0,Quarterly,10.0,68.0,641.0,High,1
STUDENT-001255,Skopje,25.0,Male,44.0,Quarterly,3.0,37.0,,Moderate,0
STUDENT-001256,Bitola,20.0,,35.0,Monthly,4.0,56.0,,Moderate,1
STUDENT-001257,Tetovo,18.0,Male,,Monthly,7.0,70.0,507.0,,1
STUDENT-001258,Tetovo,26.0,,16.0,Monthly,7.0,,493.0,High,0
STUDENT-001259,Veles,25.0,Female,5.0,Annually,5.0,51.0,268.0,Moderate,0
STUDENT-001260,Ohrid,28.0,Male,40.0,Annually,11.0,44.0,422.0,Moderate,1
STUDENT-001261,Stip,,Male,22.0,Annually,10.0,,,Moderate,1
STUDENT-001262,,26.0,Female,10.0,Monthly,5.0,,268.0,Moderate,0
STUDENT-001263,Veles,27.0,Female,20.0,Monthly,,79.0,441.0,High,0
STUDENT-001264,Bitola,18.0,Female,1.0,Annually,1.0,62.0,0.0,Moderate,0
STUDENT-001265,Skopje,18.0,Male,6.0,Quarterly,8.0,49.0,,Moderate,1
STUDENT-001266,,34.0,Female,20.0,Monthly,11.0,44.0,628.0,Moderate,1
STUDENT-001267,Ohrid,19.0,Female,30.0,Annually,7.0,,400.0,Moderate,0
STUDENT-001268,Stip,18.0,Male,1.0,Monthly,13.0,36.0,432.0,Low,1
STUDENT-001269,Skopje,24.0,Male,15.0,Monthly,,,197.0,Moderate,1
STUDENT-001270,Ohrid,24.0,Male,32.0,Annually,4.0,47.0,228.0,High,1
STUDENT-001271,Skopje,19.0,,2.0,Quarterly,10.0,,544.0,Moderate,1
STUDENT-001272,Stip,23.0,Male,22.0,Monthly,5.0,68.0,,Moderate,0
STUDENT-001273,Kumanovo,32.0,Female,20.0,Quarterly,2.0,74.0,,Moderate,0
STUDENT-001274,,20.0,Female,40.0,Annually,11.0,63.0,,Moderate,1
STUDENT-001275,Kumanovo,18.0,Female,17.0,Monthly,7.0,76.0,505.0,Moderate,1
STUDENT-001276,Kumanovo,30.0,Female,17.0,Annually,7.0,80.0,654.0,High,0
STUDENT-001277,,27.0,Male,30.0,Monthly,5.0,63.0,269.0,Moderate,1
STUDENT-001278,Skopje,21.0,Female,4.0,Monthly,4.0,,,High,1
STUDENT-001279,Veles,18.0,Male,17.0,Monthly,6.0,,350.0,Moderate,1
STUDENT-001280,Kumanovo,20.0,Female,14.0,Quarterly,10.0,,482.0,Moderate,1
STUDENT-001281,Kumanovo,24.0,Female,18.0,Monthly,10.0,79.0,834.0,Very High,1
STUDENT-001282,Prilep,31.0,Female,30.0,Monthly,7.0,,524.0,Moderate,1
STUDENT-001283,,18.0,Female,26.0,Quarterly,4.0,,291.0,Moderate,0
STUDENT-001284,Prilep,24.0,Male,11.0,Quarterly,7.0,51.0,,High,0
STUDENT-001285,,29.0,Female,21.0,Quarterly,9.0,84.0,742.0,Moderate,1
STUDENT-001286,Stip,18.0,Female,37.0,Annually,2.0,56.0,84.0,Moderate,1
STUDENT-001287,Bitola,31.0,Female,10.0,Monthly,7.0,47.0,304.0,Moderate,0
STUDENT-001288,,18.0,Male,21.0,Monthly,5.0,,146.0,,0
STUDENT-001289,Tetovo,26.0,Male,,Quarterly,6.0,,425.0,High,1
STUDENT-001290,Bitola,26.0,Female,19.0,Quarterly,6.0,43.0,248.0,Moderate,1
STUDENT-001291,Veles,31.0,Male,1.0,Monthly,7.0,48.0,201.0,Moderate,1
STUDENT-001292,Prilep,28.0,Female,36.0,Monthly,11.0,103.0,1012.0,,1
STUDENT-001293,Skopje,18.0,Female,10.0,Monthly,9.0,74.0,,Moderate,1
STUDENT-001294,Stip,20.0,Female,32.0,Monthly,5.0,49.0,237.0,Moderate,1
STUDENT-001295,Tetovo,25.0,Male,12.0,Monthly,9.0,43.0,,Moderate,0
STUDENT-001296,Ohrid,23.0,Female,12.0,Quarterly,4.0,34.0,0.0,Moderate,0
STUDENT-001297,Kumanovo,27.0,Male,34.0,Monthly,4.0,,,Moderate,1
STUDENT-001298,Tetovo,29.0,Male,31.0,Quarterly,2.0,70.0,53.0,Moderate,0
STUDENT-001299,Skopje,,Female,22.0,Quarterly,,82.0,278.0,Moderate,1
STUDENT-001300,Veles,23.0,Male,29.0,Monthly,7.0,31.0,141.0,Moderate,1
STUDENT-001301,,18.0,,16.0,Monthly,7.0,,357.0,High,1
STUDENT-001302,Kumanovo,22.0,Male,19.0,Quarterly,2.0,58.0,141.0,Moderate,0
STUDENT-001303,Stip,27.0,Female,12.0,Monthly,8.0,,779.0,Moderate,1
STUDENT-001304,Tetovo,18.0,Female,30.0,Quarterly,3.0,73.0,186.0,High,1
STUDENT-001305,Kumanovo,28.0,Male,11.0,Quarterly,8.0,65.0,530.0,Moderate,1
STUDENT-001306,,30.0,Male,37.0,Monthly,6.0,41.0,171.0,Moderate,0
STUDENT-001307,Bitola,25.0,Female,16.0,Annually,9.0,30.0,292.0,Moderate,0
STUDENT-001308,Prilep,18.0,Male,20.0,Annually,4.0,60.0,207.0,Moderate,1
STUDENT-001309,Veles,18.0,Female,29.0,Monthly,5.0,58.0,321.0,Moderate,1
STUDENT-001310,Tetovo,36.0,Female,20.0,Monthly,5.0,55.0,304.0,Moderate,1
STUDENT-001311,Ohrid,21.0,Female,16.0,Quarterly,5.0,,234.0,Moderate,1
STUDENT-001312,Veles,18.0,Female,19.0,Annually,8.0,48.0,260.0,Moderate,0
STUDENT-001313,Veles,32.0,Female,,Annually,7.0,45.0,,,1
STUDENT-001314,Stip,25.0,Female,12.0,Annually,5.0,80.0,313.0,,0
STUDENT-001315,Ohrid,31.0,Male,18.0,Monthly,2.0,46.0,96.0,Moderate,0
STUDENT-001316,Kumanovo,26.0,Male,20.0,Quarterly,2.0,55.0,,Moderate,0
STUDENT-001317,Tetovo,27.0,Female,30.0,Annually,9.0,59.0,495.0,Moderate,1
STUDENT-001318,Prilep,27.0,Male,18.0,Quarterly,6.0,70.0,342.0,High,1
STUDENT-001319,Prilep,29.0,Female,41.0,Quarterly,8.0,47.0,447.0,Moderate,1
STUDENT-001320,Skopje,38.0,Female,18.0,Quarterly,7.0,74.0,490.0,High,1
STUDENT-001321,Ohrid,30.0,,17.0,Quarterly,1.0,,192.0,Moderate,1
STUDENT-001322,,18.0,Male,17.0,Monthly,2.0,,,Moderate,0
STUDENT-001323,Stip,27.0,Female,4.0,Monthly,3.0,84.0,273.0,Moderate,1
STUDENT-001324,Veles,31.0,Female,7.0,Annually,,45.0,227.0,Moderate,0
STUDENT-001325,Bitola,32.0,Male,13.0,Annually,5.0,70.0,370.0,Moderate,0
STUDENT-001326,Kumanovo,22.0,Female,,Annually,6.0,75.0,515.0,High,1
STUDENT-001327,Skopje,31.0,Female,19.0,Monthly,8.0,64.0,578.0,Moderate,1
STUDENT-001328,Kumanovo,30.0,Female,14.0,Monthly,8.0,,358.0,,0
STUDENT-001329,Ohrid,40.0,,34.0,Monthly,3.0,91.0,324.0,Moderate,0
STUDENT-001330,Prilep,20.0,Male,38.0,Annually,5.0,59.0,324.0,Moderate,1
STUDENT-001331,Kumanovo,21.0,Male,35.0,Quarterly,4.0,63.0,,High,1
STUDENT-001332,Prilep,23.0,Female,,Annually,6.0,54.0,,,0
STUDENT-001333,Veles,22.0,Male,14.0,Monthly,9.0,62.0,663.0,Moderate,1
STUDENT-001334,Tetovo,19.0,Male,41.0,Quarterly,7.0,74.0,572.0,High,1
STUDENT-001335,,18.0,Male,22.0,Annually,5.0,55.0,242.0,Moderate,0
STUDENT-001336,Kumanovo,22.0,Male,16.0,Monthly,4.0,30.0,,Moderate,0
STUDENT-001337,Ohrid,27.0,Female,28.0,Annually,11.0,67.0,782.0,High,1
STUDENT-001338,Veles,,Male,32.0,Quarterly,6.0,43.0,339.0,Moderate,1
STUDENT-001339,Prilep,36.0,Female,13.0,Monthly,9.0,71.0,517.0,Moderate,1
STUDENT-001340,Tetovo,25.0,Male,22.0,Monthly,8.0,59.0,,Moderate,1
STUDENT-001341,,32.0,Female,31.0,Annually,3.0,74.0,,Moderate,1
STUDENT-001342,,26.0,Male,6.0,Monthly,,,206.0,High,0
STUDENT-001343,Tetovo,29.0,Female,20.0,Annually,9.0,51.0,,Moderate,1
STUDENT-001344,Bitola,26.0,Male,6.0,Annually,9.0,54.0,540.0,Moderate,0
STUDENT-001345,Stip,33.0,Female,8.0,Monthly,,,126.0,Moderate,0
STUDENT-001346,Veles,25.0,Male,,Annually,3.0,76.0,164.0,High,0
STUDENT-001347,Kumanovo,27.0,Male,25.0,Annually,5.0,35.0,277.0,Moderate,0
STUDENT-001348,Kumanovo,27.0,Male,16.0,Monthly,10.0,76.0,,Moderate,1
STUDENT-001349,,23.0,Female,12.0,Annually,9.0,66.0,663.0,Low,1
STUDENT-001350,,27.0,Female,20.0,Monthly,6.0,57.0,251.0,Moderate,1
STUDENT-001351,Prilep,38.0,Male,6.0,Monthly,,65.0,,Moderate,1
STUDENT-001352,Prilep,23.0,Male,25.0,Monthly,5.0,64.0,343.0,Moderate,1
STUDENT-001353,Stip,27.0,Female,33.0,Monthly,5.0,53.0,317.0,High,0
STUDENT-001354,Bitola,32.0,Female,19.0,Monthly,2.0,64.0,217.0,Moderate,1
STUDENT-001355,Prilep,31.0,Male,17.0,Monthly,4.0,70.0,,High,1
STUDENT-001356,Ohrid,25.0,Female,24.0,Quarterly,3.0,45.0,166.0,High,0
STUDENT-001357,Bitola,18.0,Female,1.0,Monthly,6.0,65.0,308.0,Moderate,0
STUDENT-001358,Skopje,28.0,Female,26.0,Annually,10.0,30.0,217.0,High,1
STUDENT-001359,Ohrid,18.0,Male,57.0,Annually,5.0,31.0,,High,0
STUDENT-001360,Skopje,33.0,Male,18.0,Monthly,5.0,68.0,364.0,Moderate,1
STUDENT-001361,Skopje,26.0,,18.0,Monthly,6.0,53.0,418.0,Moderate,0
STUDENT-001362,Ohrid,30.0,Female,28.0,Annually,7.0,47.0,440.0,Moderate,1
STUDENT-001363,Bitola,19.0,Male,,Monthly,5.0,59.0,273.0,,1
STUDENT-001364,Tetovo,18.0,Female,31.0,Monthly,8.0,54.0,,Moderate,1
STUDENT-001365,Skopje,26.0,Female,1.0,Annually,6.0,,,Moderate,0
STUDENT-001366,,24.0,Female,26.0,Annually,9.0,35.0,,High,1
STUDENT-001367,Prilep,22.0,Male,50.0,Quarterly,6.0,30.0,169.0,Moderate,0
STUDENT-001368,Stip,25.0,Male,,Quarterly,6.0,71.0,430.0,Moderate,0
STUDENT-001369,Kumanovo,41.0,Male,6.0,Monthly,7.0,,364.0,High,1
STUDENT-001370,Stip,30.0,Female,23.0,Quarterly,6.0,,431.0,Moderate,1
STUDENT-001371,Ohrid,31.0,Female,4.0,Quarterly,7.0,,350.0,Moderate,0
STUDENT-001372,Prilep,30.0,Male,34.0,Annually,6.0,65.0,,Moderate,1
STUDENT-001373,,33.0,Female,8.0,Quarterly,9.0,58.0,,Moderate,1
STUDENT-001374,Stip,23.0,Male,20.0,Quarterly,5.0,60.0,231.0,Moderate,1
STUDENT-001375,,18.0,Male,9.0,Monthly,4.0,61.0,295.0,High,0
STUDENT-001376,Stip,23.0,Male,13.0,Quarterly,5.0,53.0,295.0,Moderate,1
STUDENT-001377,Veles,29.0,Female,37.0,Quarterly,6.0,41.0,358.0,,1
STUDENT-001378,,19.0,Male,21.0,Monthly,4.0,71.0,306.0,Moderate,0
STUDENT-001379,Tetovo,23.0,Male,13.0,Monthly,,83.0,140.0,Moderate,0
STUDENT-001380,Stip,20.0,,6.0,Annually,9.0,84.0,,,1
STUDENT-001381,Ohrid,34.0,Female,1.0,Monthly,5.0,51.0,257.0,,1
STUDENT-001382,Ohrid,29.0,Male,4.0,Monthly,4.0,49.0,229.0,Moderate,0
STUDENT-001383,Stip,28.0,Male,21.0,Monthly,3.0,51.0,,High,0
STUDENT-001384,,28.0,Female,31.0,Monthly,3.0,57.0,,,0
STUDENT-001385,Bitola,24.0,,13.0,Annually,9.0,59.0,486.0,Moderate,1
STUDENT-001386,Tetovo,26.0,Male,38.0,Monthly,3.0,45.0,,Moderate,0
STUDENT-001387,,18.0,Female,11.0,Monthly,5.0,37.0,229.0,Moderate,0
STUDENT-001388,Stip,18.0,Male,17.0,Annually,6.0,60.0,,,1
STUDENT-001389,Stip,25.0,Female,7.0,Monthly,8.0,30.0,255.0,Moderate,1
STUDENT-001390,Ohrid,26.0,,31.0,Monthly,,58.0,,Moderate,1
STUDENT-001391,,32.0,Male,45.0,Annually,5.0,45.0,197.0,Moderate,1
STUDENT-001392,Stip,34.0,Male,,Quarterly,6.0,71.0,,Moderate,1
STUDENT-001393,Kumanovo,34.0,Male,15.0,Annually,10.0,75.0,705.0,Moderate,1
STUDENT-001394,Bitola,19.0,Male,35.0,Monthly,5.0,76.0,388.0,,1
STUDENT-001395,Tetovo,22.0,Male,2.0,Annually,4.0,54.0,283.0,Moderate,1
STUDENT-001396,Tetovo,27.0,Female,,Monthly,4.0,,239.0,Moderate,1
STUDENT-001397,Kumanovo,40.0,Female,34.0,Annually,5.0,47.0,167.0,Moderate,0
STUDENT-001398,Skopje,33.0,Male,,Quarterly,,64.0,436.0,High,1
STUDENT-001399,,31.0,Female,26.0,Monthly,10.0,35.0,218.0,Moderate,1
STUDENT-001400,Veles,22.0,Female,41.0,Monthly,5.0,80.0,406.0,Moderate,1
STUDENT-001401,Bitola,19.0,Female,43.0,Monthly,4.0,,255.0,Moderate,1
STUDENT-001402,Ohrid,29.0,Male,,Monthly,5.0,67.0,429.0,Moderate,1
STUDENT-001403,Ohrid,18.0,Male,,Quarterly,5.0,33.0,57.0,Moderate,0
STUDENT-001404,Bitola,23.0,Male,8.0,Quarterly,11.0,46.0,440.0,Moderate,1
STUDENT-001405,Bitola,24.0,Male,31.0,Monthly,6.0,31.0,,High,1
STUDENT-001406,Ohrid,34.0,Male,3.0,Annually,9.0,75.0,577.0,Moderate,1
STUDENT-001407,Veles,22.0,Female,16.0,Quarterly,3.0,57.0,,Moderate,1
STUDENT-001408,Skopje,18.0,Female,21.0,Monthly,5.0,68.0,377.0,,1
STUDENT-001409,Ohrid,28.0,Male,13.0,Monthly,,60.0,343.0,Moderate,1
STUDENT-001410,Skopje,20.0,Male,23.0,Annually,3.0,67.0,208.0,Moderate,1
STUDENT-001411,Tetovo,25.0,Male,50.0,Monthly,6.0,54.0,251.0,,1
STUDENT-001412,Ohrid,24.0,Female,18.0,Quarterly,0.0,56.0,82.0,High,0
STUDENT-001413,Veles,23.0,Female,14.0,Quarterly,5.0,58.0,302.0,Moderate,1
STUDENT-001414,Tetovo,29.0,,32.0,Monthly,10.0,66.0,621.0,Low,1
STUDENT-001415,Veles,,Female,22.0,Quarterly,,66.0,,,0
STUDENT-001416,,21.0,Female,37.0,Monthly,6.0,102.0,635.0,Moderate,1
STUDENT-001417,Prilep,29.0,Female,21.0,Annually,6.0,85.0,591.0,,1
STUDENT-001418,Veles,21.0,Female,17.0,Annually,5.0,33.0,118.0,Moderate,1
STUDENT-001419,Prilep,,Female,1.0,Monthly,,57.0,486.0,Moderate,1
STUDENT-001420,Stip,,,1.0,Quarterly,8.0,53.0,378.0,High,0
STUDENT-001421,Stip,31.0,,1.0,Quarterly,,79.0,,,0
STUDENT-001422,Tetovo,24.0,Female,24.0,Annually,7.0,55.0,270.0,Moderate,0
STUDENT-001423,Kumanovo,18.0,Male,3.0,Monthly,12.0,66.0,869.0,Moderate,1
STUDENT-001424,Ohrid,29.0,Female,35.0,Quarterly,5.0,30.0,127.0,Moderate,1
STUDENT-001425,Veles,18.0,Male,20.0,Annually,7.0,37.0,254.0,High,0
STUDENT-001426,Kumanovo,26.0,Male,17.0,Monthly,5.0,91.0,,Moderate,1
STUDENT-001427,Stip,19.0,Male,9.0,Quarterly,3.0,60.0,194.0,High,1
STUDENT-001428,Ohrid,18.0,Female,27.0,Monthly,4.0,45.0,136.0,Moderate,0
STUDENT-001429,,22.0,Male,10.0,Monthly,5.0,63.0,378.0,Moderate,1
STUDENT-001430,Prilep,23.0,Male,8.0,Monthly,,,241.0,Moderate,0
STUDENT-001431,Bitola,21.0,Male,34.0,Annually,7.0,55.0,325.0,Moderate,0
STUDENT-001432,Bitola,28.0,Female,24.0,Monthly,4.0,38.0,192.0,High,0
STUDENT-001433,Tetovo,22.0,Female,17.0,Monthly,9.0,48.0,410.0,Moderate,1
STUDENT-001434,Ohrid,30.0,Male,,Annually,,53.0,533.0,Moderate,1
STUDENT-001435,Skopje,26.0,Female,,Annually,8.0,,699.0,Moderate,1
STUDENT-001436,Prilep,20.0,Male,24.0,Quarterly,6.0,66.0,,Moderate,0
STUDENT-001437,Kumanovo,19.0,Female,,Quarterly,9.0,69.0,,,1
STUDENT-001438,Ohrid,18.0,Male,44.0,Monthly,6.0,59.0,,Moderate,0
STUDENT-001439,Stip,26.0,Female,13.0,Quarterly,13.0,72.0,924.0,High,1
STUDENT-001440,Veles,22.0,Female,38.0,Monthly,9.0,46.0,436.0,High,1
STUDENT-001441,Tetovo,18.0,Female,17.0,Monthly,12.0,49.0,602.0,Moderate,1
STUDENT-001442,Stip,21.0,Male,29.0,Annually,2.0,,,Moderate,0
STUDENT-001443,Prilep,,Female,28.0,Quarterly,4.0,55.0,183.0,Moderate,0
STUDENT-001444,Bitola,34.0,Female,33.0,Monthly,7.0,59.0,350.0,Moderate,0
STUDENT-001445,Skopje,18.0,Male,9.0,Monthly,,,,Moderate,1
STUDENT-001446,Stip,18.0,Female,32.0,Annually,3.0,78.0,314.0,High,1
STUDENT-001447,Stip,31.0,,42.0,Monthly,5.0,79.0,429.0,Moderate,1
STUDENT-001448,,33.0,Male,16.0,Monthly,,50.0,264.0,Moderate,0
STUDENT-001449,Skopje,20.0,Female,20.0,Monthly,5.0,,148.0,Moderate,1
STUDENT-001450,Ohrid,21.0,,13.0,Monthly,3.0,49.0,161.0,Moderate,0
STUDENT-001451,Skopje,28.0,Female,15.0,Monthly,1.0,46.0,90.0,Moderate,0
STUDENT-001452,Skopje,18.0,Male,40.0,Annually,4.0,,,Moderate,1
STUDENT-001453,Bitola,18.0,Male,7.0,Monthly,7.0,73.0,,High,0
STUDENT-001454,Tetovo,23.0,Female,8.0,Quarterly,4.0,44.0,172.0,Moderate,0
STUDENT-001455,Skopje,34.0,Female,39.0,Quarterly,,48.0,274.0,Moderate,1
STUDENT-001456,,22.0,Female,27.0,Quarterly,,37.0,347.0,Moderate,0
STUDENT-001457,Prilep,25.0,Female,45.0,Quarterly,5.0,62.0,256.0,High,1
STUDENT-001458,Ohrid,31.0,Male,14.0,Quarterly,5.0,59.0,,Moderate,1
STUDENT-001459,Tetovo,,Male,21.0,Quarterly,3.0,71.0,207.0,Low,1
STUDENT-001460,Veles,21.0,Male,12.0,Quarterly,1.0,,78.0,,0
STUDENT-001461,,24.0,Male,21.0,Annually,10.0,69.0,650.0,Moderate,1
STUDENT-001462,Skopje,35.0,Female,1.0,Quarterly,8.0,36.0,354.0,Moderate,0
STUDENT-001463,Skopje,18.0,Female,28.0,Monthly,5.0,50.0,284.0,High,1
STUDENT-001464,Veles,31.0,Female,23.0,Monthly,,74.0,,High,0
STUDENT-001465,Skopje,18.0,Male,19.0,Quarterly,6.0,51.0,236.0,,0
STUDENT-001466,Kumanovo,25.0,Male,15.0,Quarterly,10.0,35.0,415.0,Moderate,1
STUDENT-001467,Prilep,,Female,9.0,Monthly,7.0,72.0,549.0,Moderate,1
STUDENT-001468,Veles,19.0,Male,28.0,Annually,5.0,51.0,315.0,Moderate,1
STUDENT-001469,,19.0,,5.0,Monthly,5.0,75.0,377.0,Moderate,0
STUDENT-001470,Stip,26.0,Male,26.0,Monthly,8.0,59.0,467.0,Moderate,1
STUDENT-001471,Kumanovo,30.0,Male,44.0,Annually,,55.0,429.0,Moderate,1
STUDENT-001472,Prilep,24.0,Male,37.0,Monthly,9.0,80.0,,Moderate,1
STUDENT-001473,Bitola,25.0,Female,1.0,Monthly,9.0,,327.0,High,1
STUDENT-001474,Stip,28.0,Male,13.0,Monthly,5.0,81.0,333.0,High,0
STUDENT-001475,Ohrid,19.0,Female,25.0,Annually,2.0,50.0,77.0,Moderate,1
STUDENT-001476,Prilep,29.0,Female,19.0,Quarterly,5.0,62.0,278.0,,0
STUDENT-001477,Prilep,29.0,Female,3.0,Quarterly,8.0,,571.0,Moderate,1
STUDENT-001478,Bitola,40.0,Male,24.0,Annually,,53.0,236.0,Moderate,0
STUDENT-001479,Prilep,22.0,Male,19.0,Quarterly,6.0,48.0,254.0,Very High,0
STUDENT-001480,Bitola,,,,Annually,6.0,,,Moderate,1
STUDENT-001481,Skopje,29.0,Male,16.0,Monthly,6.0,44.0,340.0,High,1
STUDENT-001482,Ohrid,29.0,Male,34.0,Monthly,8.0,89.0,754.0,Moderate,1
STUDENT-001483,Skopje,21.0,Female,4.0,Annually,7.0,52.0,461.0,Moderate,1
STUDENT-001484,Prilep,22.0,Male,7.0,Quarterly,9.0,77.0,713.0,High,1
STUDENT-001485,Veles,28.0,Male,28.0,Monthly,4.0,75.0,287.0,High,1
STUDENT-001486,Bitola,20.0,Male,33.0,Monthly,5.0,65.0,,Moderate,1
STUDENT-001487,,22.0,Female,8.0,Monthly,9.0,57.0,430.0,Moderate,1
STUDENT-001488,Skopje,25.0,Female,20.0,Monthly,7.0,62.0,331.0,High,1
STUDENT-001489,Tetovo,,Female,3.0,Quarterly,8.0,68.0,,Moderate,1
STUDENT-001490,Ohrid,21.0,Female,17.0,Monthly,,61.0,256.0,Moderate,1
STUDENT-001491,Prilep,18.0,Female,30.0,Quarterly,3.0,,165.0,Moderate,1
STUDENT-001492,Skopje,18.0,Female,14.0,Monthly,1.0,32.0,0.0,High,0
STUDENT-001493,Ohrid,18.0,,,Annually,3.0,,323.0,Moderate,1
STUDENT-001494,Prilep,18.0,Female,6.0,Monthly,11.0,30.0,370.0,Moderate,1
STUDENT-001495,,24.0,Female,12.0,Monthly,3.0,,184.0,Moderate,0
STUDENT-001496,,18.0,,41.0,Monthly,5.0,,,Moderate,0
STUDENT-001497,Veles,20.0,Female,20.0,Quarterly,3.0,,206.0,High,0
STUDENT-001498,Prilep,20.0,Female,7.0,Quarterly,8.0,42.0,,Moderate,1
STUDENT-001499,Veles,22.0,Female,16.0,Quarterly,8.0,65.0,,Moderate,1
STUDENT-001500,Tetovo,32.0,,1.0,Monthly,5.0,63.0,,High,1
STUDENT-001501,Ohrid,28.0,,7.0,Annually,8.0,101.0,782.0,Moderate,1
STUDENT-001502,Bitola,25.0,Female,36.0,Quarterly,0.0,61.0,0.0,Moderate,1
STUDENT-001503,,22.0,Male,18.0,Monthly,8.0,80.0,657.0,,1
STUDENT-001504,Tetovo,22.0,,42.0,Annually,9.0,37.0,383.0,High,1
STUDENT-001505,Bitola,26.0,,18.0,Quarterly,5.0,75.0,439.0,,1
STUDENT-001506,Stip,28.0,Male,19.0,Quarterly,7.0,63.0,,High,1
STUDENT-001507,Prilep,19.0,Female,27.0,Monthly,6.0,64.0,433.0,Moderate,1
STUDENT-001508,Veles,25.0,Female,1.0,Monthly,5.0,,,Moderate,0
STUDENT-001509,Kumanovo,18.0,Male,22.0,Quarterly,7.0,85.0,,Moderate,1
STUDENT-001510,Ohrid,26.0,Male,19.0,Monthly,5.0,63.0,187.0,Moderate,1
STUDENT-001511,,29.0,Female,37.0,Monthly,3.0,48.0,,High,1
STUDENT-001512,Kumanovo,23.0,Male,,Annually,8.0,50.0,346.0,Moderate,1
STUDENT-001513,,35.0,Female,6.0,Quarterly,,72.0,292.0,Moderate,0
STUDENT-001514,Bitola,19.0,Male,34.0,Monthly,7.0,66.0,395.0,Moderate,1
STUDENT-001515,Stip,26.0,Male,16.0,Monthly,,37.0,408.0,Moderate,1
STUDENT-001516,Prilep,24.0,Female,9.0,Quarterly,7.0,67.0,495.0,Moderate,1
STUDENT-001517,Skopje,24.0,Male,22.0,Monthly,3.0,43.0,66.0,Moderate,0
STUDENT-001518,Prilep,24.0,Female,17.0,Monthly,9.0,66.0,552.0,High,1
STUDENT-001519,,25.0,Male,38.0,Monthly,4.0,47.0,187.0,Moderate,1
STUDENT-001520,Veles,30.0,Female,24.0,Monthly,3.0,55.0,197.0,Moderate,1
STUDENT-001521,Kumanovo,33.0,,,Quarterly,,51.0,322.0,,1
STUDENT-001522,Bitola,24.0,Female,,Monthly,11.0,82.0,,High,1
STUDENT-001523,,29.0,Male,33.0,Monthly,4.0,66.0,,Moderate,1
STUDENT-001524,Tetovo,20.0,Female,29.0,Quarterly,3.0,78.0,197.0,Moderate,1
STUDENT-001525,Skopje,29.0,Female,37.0,Quarterly,5.0,103.0,577.0,Moderate,0
STUDENT-001526,,,Male,27.0,Quarterly,8.0,60.0,483.0,Moderate,1
STUDENT-001527,,31.0,Male,22.0,Monthly,6.0,,446.0,Moderate,1
STUDENT-001528,Skopje,38.0,Female,34.0,Quarterly,5.0,49.0,,,0
STUDENT-001529,Stip,24.0,Male,18.0,Monthly,6.0,78.0,,Moderate,0
STUDENT-001530,Skopje,18.0,Female,20.0,Quarterly,7.0,47.0,300.0,Moderate,0
STUDENT-001531,,21.0,Female,40.0,Monthly,5.0,59.0,338.0,Moderate,1
STUDENT-001532,Stip,32.0,Male,39.0,Quarterly,11.0,68.0,785.0,Moderate,1
STUDENT-001533,Bitola,28.0,Female,,Monthly,13.0,70.0,982.0,Moderate,1
STUDENT-001534,Veles,26.0,Female,14.0,Monthly,6.0,40.0,282.0,High,0
STUDENT-001535,Skopje,31.0,Male,37.0,Monthly,12.0,46.0,539.0,Moderate,1
STUDENT-001536,Bitola,27.0,Female,29.0,Annually,6.0,69.0,312.0,Moderate,1
STUDENT-001537,Skopje,32.0,Male,23.0,Monthly,3.0,54.0,173.0,Moderate,1
STUDENT-001538,Kumanovo,30.0,Male,16.0,Annually,,39.0,,,0
STUDENT-001539,Tetovo,,Female,23.0,Quarterly,8.0,58.0,,Moderate,1
STUDENT-001540,Prilep,27.0,Male,19.0,Quarterly,7.0,58.0,225.0,Moderate,1
STUDENT-001541,Bitola,30.0,Female,12.0,Monthly,4.0,62.0,288.0,High,1
STUDENT-001542,,23.0,Male,21.0,Quarterly,4.0,,213.0,Moderate,0
STUDENT-001543,Tetovo,,Female,23.0,Monthly,4.0,66.0,305.0,Moderate,0
STUDENT-001544,Bitola,35.0,Male,15.0,Quarterly,6.0,48.0,390.0,Moderate,0
STUDENT-001545,Tetovo,,Female,30.0,Monthly,,53.0,355.0,Moderate,1
STUDENT-001546,Kumanovo,29.0,Female,35.0,Monthly,5.0,73.0,,Moderate,0
STUDENT-001547,Veles,25.0,Female,31.0,Quarterly,,,,High,1
STUDENT-001548,Prilep,21.0,Female,16.0,Monthly,9.0,54.0,517.0,Moderate,1
STUDENT-001549,Skopje,25.0,Female,29.0,Monthly,6.0,37.0,228.0,,1
STUDENT-001550,Ohrid,33.0,Female,20.0,Annually,2.0,59.0,86.0,Moderate,0
STUDENT-001551,Veles,28.0,Female,,Monthly,9.0,,530.0,Moderate,1
STUDENT-001552,Tetovo,18.0,Female,28.0,Monthly,7.0,30.0,305.0,Moderate,1
STUDENT-001553,Tetovo,23.0,Female,21.0,Monthly,,,284.0,Moderate,1
STUDENT-001554,Prilep,35.0,Female,51.0,Monthly,9.0,38.0,391.0,Moderate,1
STUDENT-001555,,23.0,Male,,Quarterly,6.0,71.0,,Moderate,1
STUDENT-001556,Stip,18.0,,28.0,Monthly,4.0,31.0,182.0,,0
STUDENT-001557,Veles,,Female,22.0,Quarterly,8.0,,410.0,Moderate,1
STUDENT-001558,Stip,29.0,Male,21.0,Quarterly,6.0,70.0,424.0,High,0
STUDENT-001559,Veles,24.0,Male,7.0,Monthly,7.0,,,Moderate,1
STUDENT-001560,Ohrid,22.0,Female,1.0,Annually,5.0,53.0,,Moderate,1
STUDENT-001561,Ohrid,31.0,Male,9.0,Annually,5.0,65.0,485.0,,1
STUDENT-001562,Bitola,21.0,Male,19.0,Monthly,4.0,75.0,324.0,High,0
STUDENT-001563,Stip,31.0,Male,1.0,Monthly,6.0,58.0,,High,0
STUDENT-001564,Tetovo,28.0,Male,13.0,Monthly,4.0,30.0,,,1
STUDENT-001565,Prilep,26.0,Female,17.0,Monthly,4.0,77.0,253.0,Moderate,0
STUDENT-001566,Stip,25.0,Female,17.0,Quarterly,,66.0,283.0,High,0
STUDENT-001567,Tetovo,23.0,Female,12.0,Quarterly,8.0,59.0,297.0,High,0
STUDENT-001568,Stip,31.0,Female,15.0,Monthly,5.0,30.0,,Moderate,0
STUDENT-001569,Stip,19.0,Female,40.0,Monthly,3.0,,208.0,Moderate,1
STUDENT-001570,Skopje,18.0,Male,27.0,Monthly,4.0,46.0,,Very High,1
STUDENT-001571,Ohrid,28.0,Female,13.0,Annually,6.0,,230.0,Moderate,1
STUDENT-001572,,28.0,,19.0,Annually,7.0,57.0,301.0,High,1
STUDENT-001573,Veles,27.0,Male,19.0,Monthly,8.0,51.0,471.0,High,1
STUDENT-001574,Bitola,27.0,Female,10.0,Quarterly,2.0,52.0,134.0,High,0
STUDENT-001575,,23.0,Female,10.0,Quarterly,6.0,71.0,425.0,Moderate,1
STUDENT-001576,Tetovo,29.0,Male,32.0,Monthly,4.0,63.0,119.0,High,0
STUDENT-001577,Veles,24.0,Female,14.0,Quarterly,6.0,,282.0,Moderate,0
STUDENT-001578,,22.0,Male,6.0,Annually,,50.0,476.0,Moderate,1
STUDENT-001579,Tetovo,23.0,Male,,Monthly,6.0,53.0,,Moderate,1
STUDENT-001580,Ohrid,37.0,Male,21.0,Monthly,3.0,56.0,179.0,Moderate,1
STUDENT-001581,Bitola,18.0,Male,1.0,Monthly,10.0,68.0,721.0,,1
STUDENT-001582,,27.0,Female,19.0,Monthly,7.0,44.0,317.0,,1
STUDENT-001583,Prilep,18.0,Male,30.0,Monthly,,81.0,686.0,Moderate,1
STUDENT-001584,Kumanovo,24.0,Female,25.0,Quarterly,10.0,68.0,629.0,Moderate,1
STUDENT-001585,Ohrid,22.0,,46.0,Annually,,,,Very High,1
STUDENT-001586,Veles,18.0,Female,35.0,Quarterly,,61.0,,Moderate,1
STUDENT-001587,Skopje,27.0,Female,37.0,Monthly,6.0,75.0,490.0,Moderate,1
STUDENT-001588,,22.0,,53.0,Monthly,7.0,,486.0,Moderate,1
STUDENT-001589,Skopje,18.0,,29.0,Monthly,4.0,53.0,219.0,Moderate,1
STUDENT-001590,Kumanovo,30.0,Female,21.0,Quarterly,5.0,,,High,1
STUDENT-001591,Ohrid,33.0,Female,31.0,Annually,6.0,62.0,384.0,Moderate,1
STUDENT-001592,Prilep,33.0,Male,13.0,Annually,6.0,71.0,,Moderate,1
STUDENT-001593,Skopje,27.0,Male,21.0,Monthly,3.0,,140.0,Moderate,0
STUDENT-001594,Kumanovo,25.0,Male,12.0,Monthly,4.0,50.0,356.0,,1
STUDENT-001595,Bitola,32.0,Male,24.0,Annually,4.0,84.0,280.0,High,0
STUDENT-001596,Kumanovo,35.0,Male,12.0,Monthly,7.0,,,Moderate,1
STUDENT-001597,Kumanovo,31.0,Male,11.0,Monthly,3.0,82.0,170.0,Moderate,1
STUDENT-001598,Veles,19.0,Male,24.0,Annually,9.0,,959.0,Moderate,1
STUDENT-001599,Kumanovo,26.0,Female,18.0,Quarterly,,52.0,,Moderate,0
STUDENT-001600,Ohrid,27.0,Male,1.0,Monthly,8.0,42.0,354.0,Moderate,1
STUDENT-001601,Kumanovo,18.0,Male,2.0,Monthly,10.0,56.0,618.0,Moderate,1
STUDENT-001602,Veles,27.0,Female,6.0,Monthly,4.0,76.0,305.0,High,1
STUDENT-001603,,38.0,Male,9.0,Annually,,78.0,,,1
STUDENT-001604,,28.0,Male,24.0,Quarterly,8.0,94.0,,,1
STUDENT-001605,Stip,33.0,Male,22.0,Monthly,4.0,59.0,113.0,Moderate,0
STUDENT-001606,Bitola,26.0,Male,32.0,Monthly,5.0,67.0,,Moderate,1
STUDENT-001607,,24.0,Male,29.0,Monthly,5.0,49.0,,Moderate,0
STUDENT-001608,Bitola,27.0,Male,32.0,Monthly,4.0,,91.0,Moderate,1
STUDENT-001609,Bitola,20.0,Male,27.0,Monthly,8.0,59.0,,Moderate,1
STUDENT-001610,Veles,19.0,Female,22.0,Quarterly,6.0,42.0,276.0,High,0
STUDENT-001611,Bitola,,Female,33.0,Monthly,8.0,,,Moderate,1
STUDENT-001612,Kumanovo,33.0,Male,31.0,Monthly,5.0,,,High,1
STUDENT-001613,Kumanovo,19.0,Male,,Quarterly,7.0,48.0,,Moderate,1
STUDENT-001614,Skopje,30.0,,,Monthly,7.0,,571.0,Moderate,1
STUDENT-001615,Bitola,24.0,Female,1.0,Monthly,10.0,,734.0,Moderate,1
STUDENT-001616,Veles,27.0,Female,16.0,Monthly,9.0,59.0,,Moderate,1
STUDENT-001617,Tetovo,27.0,Male,16.0,Monthly,6.0,88.0,543.0,Moderate,1
STUDENT-001618,Skopje,30.0,Male,33.0,Monthly,5.0,83.0,,Moderate,1
STUDENT-001619,Stip,25.0,Male,38.0,Monthly,,49.0,462.0,Moderate,1
STUDENT-001620,Ohrid,33.0,,,Monthly,,84.0,472.0,Moderate,1
STUDENT-001621,Skopje,26.0,Female,36.0,Annually,12.0,86.0,1013.0,Moderate,1
STUDENT-001622,Stip,28.0,Male,5.0,Quarterly,8.0,58.0,485.0,Moderate,1
STUDENT-001623,Skopje,20.0,Female,6.0,Monthly,9.0,60.0,482.0,Moderate,1
STUDENT-001624,Tetovo,37.0,Male,17.0,Monthly,,,495.0,High,1
STUDENT-001625,Stip,27.0,Female,16.0,Monthly,1.0,,30.0,Moderate,0
STUDENT-001626,Tetovo,29.0,Female,1.0,Monthly,9.0,51.0,524.0,Moderate,1
STUDENT-001627,Tetovo,18.0,Male,27.0,Quarterly,5.0,79.0,352.0,Moderate,1
STUDENT-001628,,20.0,Male,28.0,Monthly,7.0,,,Moderate,1
STUDENT-001629,Bitola,32.0,Female,32.0,Annually,4.0,51.0,283.0,Moderate,0
STUDENT-001630,Tetovo,26.0,Male,14.0,Quarterly,9.0,46.0,376.0,Very High,1
STUDENT-001631,Stip,18.0,Female,19.0,Quarterly,5.0,48.0,,,0
STUDENT-001632,Skopje,31.0,Male,19.0,Annually,,57.0,564.0,Moderate,1
STUDENT-001633,Stip,21.0,Female,40.0,Quarterly,6.0,,,High,0
STUDENT-001634,Prilep,33.0,Male,1.0,Annually,,,,,0
STUDENT-001635,Tetovo,24.0,Male,8.0,Annually,4.0,73.0,246.0,,0
STUDENT-001636,Bitola,26.0,Male,20.0,Monthly,,62.0,148.0,Moderate,0
STUDENT-001637,Tetovo,32.0,Male,6.0,Monthly,11.0,62.0,722.0,Moderate,1
STUDENT-001638,Bitola,19.0,Male,16.0,Monthly,0.0,75.0,78.0,High,1
STUDENT-001639,Ohrid,19.0,Female,18.0,Monthly,5.0,72.0,355.0,Moderate,1
STUDENT-001640,Kumanovo,23.0,Male,12.0,Quarterly,7.0,38.0,299.0,Moderate,0
STUDENT-001641,Skopje,29.0,Male,20.0,Monthly,,43.0,396.0,Moderate,0
STUDENT-001642,Prilep,18.0,Male,,Quarterly,8.0,56.0,,Moderate,1
STUDENT-001643,,18.0,Male,,Annually,,65.0,125.0,Moderate,1
STUDENT-001644,Bitola,29.0,,14.0,Monthly,,80.0,,,1
STUDENT-001645,Ohrid,21.0,Female,18.0,Quarterly,2.0,60.0,89.0,High,0
STUDENT-001646,Ohrid,22.0,Male,19.0,Monthly,7.0,85.0,644.0,High,1
STUDENT-001647,Kumanovo,,Female,1.0,Annually,9.0,49.0,425.0,Moderate,1
STUDENT-001648,Stip,,Female,25.0,Quarterly,3.0,,171.0,Moderate,1
STUDENT-001649,,24.0,Female,14.0,Monthly,10.0,55.0,557.0,Moderate,1
STUDENT-001650,Bitola,30.0,,35.0,Quarterly,7.0,47.0,329.0,Moderate,1
STUDENT-001651,Skopje,20.0,Male,27.0,Monthly,14.0,77.0,1084.0,Moderate,1
STUDENT-001652,Skopje,34.0,Male,34.0,Quarterly,8.0,,,Moderate,1
STUDENT-001653,Tetovo,20.0,Female,7.0,Quarterly,3.0,,97.0,Moderate,0
STUDENT-001654,Bitola,20.0,Female,15.0,Monthly,3.0,77.0,222.0,Moderate,1
STUDENT-001655,Bitola,34.0,Male,5.0,Quarterly,,55.0,422.0,Moderate,1
STUDENT-001656,Veles,26.0,Male,11.0,Annually,8.0,76.0,621.0,,1
STUDENT-001657,,21.0,Female,35.0,Annually,5.0,92.0,448.0,Moderate,1
STUDENT-001658,,24.0,Female,37.0,Quarterly,5.0,,369.0,Moderate,1
STUDENT-001659,,33.0,Male,6.0,Quarterly,4.0,,,Moderate,0
STUDENT-001660,Tetovo,33.0,,14.0,Monthly,6.0,96.0,,,1
STUDENT-001661,,20.0,Male,19.0,Annually,3.0,66.0,183.0,,0
STUDENT-001662,Bitola,24.0,Male,27.0,Annually,14.0,59.0,,Moderate,1
STUDENT-001663,Tetovo,25.0,Female,1.0,Monthly,8.0,,489.0,High,1
STUDENT-001664,Tetovo,19.0,Female,1.0,Monthly,4.0,77.0,270.0,Moderate,1
STUDENT-001665,Prilep,24.0,Female,25.0,Monthly,8.0,59.0,,,1
STUDENT-001666,Veles,25.0,Male,1.0,Monthly,11.0,,533.0,Moderate,1
STUDENT-001667,Kumanovo,31.0,Male,14.0,Monthly,9.0,85.0,,Moderate,1
STUDENT-001668,Tetovo,32.0,,21.0,Monthly,,55.0,271.0,Moderate,0
STUDENT-001669,Kumanovo,23.0,Male,24.0,Quarterly,6.0,77.0,477.0,Moderate,1
STUDENT-001670,Veles,23.0,Male,18.0,Monthly,8.0,63.0,511.0,High,1
STUDENT-001671,,28.0,Male,15.0,Monthly,4.0,87.0,341.0,Moderate,0
STUDENT-001672,Ohrid,21.0,,30.0,Monthly,,47.0,63.0,Moderate,0
STUDENT-001673,Veles,28.0,,23.0,Monthly,,,151.0,Moderate,0
STUDENT-001674,Kumanovo,24.0,Male,12.0,Monthly,3.0,72.0,110.0,High,1
STUDENT-001675,Stip,19.0,Female,20.0,Monthly,8.0,43.0,,,0
STUDENT-001676,,19.0,Male,24.0,Annually,4.0,61.0,273.0,Moderate,1
STUDENT-001677,Prilep,33.0,Female,40.0,Quarterly,6.0,83.0,569.0,Moderate,1
STUDENT-001678,Stip,24.0,Female,29.0,Monthly,6.0,33.0,338.0,Moderate,1
STUDENT-001679,,34.0,Female,,Monthly,3.0,,172.0,Moderate,1
STUDENT-001680,Stip,21.0,Male,12.0,Annually,5.0,,338.0,Moderate,1
STUDENT-001681,Skopje,26.0,Male,13.0,Quarterly,2.0,59.0,149.0,Moderate,1
STUDENT-001682,Skopje,,Female,17.0,Annually,5.0,46.0,342.0,,1
STUDENT-001683,Veles,18.0,Female,18.0,Quarterly,,56.0,259.0,High,0
STUDENT-001684,Ohrid,18.0,Male,7.0,Monthly,,47.0,,Moderate,1
STUDENT-001685,,32.0,Male,,Monthly,11.0,61.0,662.0,Moderate,1
STUDENT-001686,Prilep,20.0,Female,,Annually,,55.0,436.0,Moderate,1
STUDENT-001687,,24.0,Male,16.0,Annually,6.0,52.0,367.0,Moderate,1
STUDENT-001688,Stip,21.0,Female,27.0,Monthly,6.0,66.0,,High,1
STUDENT-001689,Skopje,26.0,Male,22.0,Monthly,5.0,83.0,,Moderate,1
STUDENT-001690,Veles,19.0,Male,28.0,Monthly,8.0,64.0,546.0,,1
STUDENT-001691,Stip,23.0,Female,3.0,Annually,10.0,80.0,855.0,Low,1
STUDENT-001692,Kumanovo,27.0,Male,18.0,Monthly,9.0,,691.0,High,1
STUDENT-001693,Prilep,18.0,Female,19.0,Quarterly,10.0,51.0,,Moderate,1
STUDENT-001694,Bitola,20.0,Male,27.0,Monthly,8.0,64.0,571.0,Moderate,1
STUDENT-001695,Kumanovo,22.0,Male,12.0,Monthly,,53.0,,,1
STUDENT-001696,Prilep,18.0,Female,1.0,Quarterly,6.0,37.0,,Moderate,1
STUDENT-001697,Bitola,22.0,Male,7.0,Monthly,,65.0,568.0,Moderate,1
STUDENT-001698,Ohrid,25.0,Male,19.0,Annually,5.0,44.0,271.0,,1
STUDENT-001699,Stip,22.0,Female,20.0,Annually,6.0,67.0,496.0,Moderate,1
STUDENT-001700,,23.0,Female,40.0,Annually,4.0,,,Moderate,1
STUDENT-001701,,,Female,26.0,Monthly,4.0,62.0,267.0,Moderate,0
STUDENT-001702,,21.0,Male,20.0,Quarterly,,36.0,,High,0
STUDENT-001703,,29.0,Male,,Quarterly,9.0,70.0,696.0,Moderate,1
STUDENT-001704,Stip,33.0,Female,33.0,Quarterly,11.0,54.0,,Moderate,1
STUDENT-001705,Veles,22.0,Male,12.0,Quarterly,3.0,52.0,237.0,High,0
STUDENT-001706,Stip,27.0,Male,18.0,Quarterly,5.0,,323.0,,0
STUDENT-001707,,23.0,Female,6.0,Monthly,5.0,55.0,332.0,,1
STUDENT-001708,Bitola,27.0,,37.0,Monthly,4.0,61.0,,High,1
STUDENT-001709,,34.0,Male,24.0,Monthly,8.0,57.0,416.0,Low,0
STUDENT-001710,Ohrid,,Male,,Monthly,8.0,,,Moderate,1
STUDENT-001711,Prilep,,Male,18.0,Monthly,,75.0,552.0,Moderate,1
STUDENT-001712,Stip,27.0,,26.0,Monthly,2.0,72.0,42.0,Moderate,0
STUDENT-001713,,32.0,Female,16.0,Annually,,52.0,347.0,Moderate,1
STUDENT-001714,,23.0,Male,13.0,Monthly,6.0,,421.0,Moderate,1
STUDENT-001715,Stip,30.0,Male,12.0,Monthly,,,175.0,Moderate,0
STUDENT-001716,Kumanovo,20.0,Female,24.0,Annually,5.0,48.0,261.0,Moderate,1
STUDENT-001717,Prilep,18.0,Male,15.0,Annually,4.0,58.0,228.0,High,1
STUDENT-001718,Prilep,25.0,Female,,Annually,,75.0,,Moderate,1
STUDENT-001719,Tetovo,18.0,Female,3.0,Monthly,6.0,42.0,,Moderate,0
STUDENT-001720,Skopje,23.0,,20.0,Annually,2.0,73.0,,Moderate,0
STUDENT-001721,Kumanovo,32.0,Male,17.0,Quarterly,,59.0,,Moderate,1
STUDENT-001722,Kumanovo,18.0,Female,16.0,Annually,,53.0,,,0
STUDENT-001723,Kumanovo,18.0,Male,22.0,Annually,6.0,76.0,402.0,High,1
STUDENT-001724,,18.0,Female,28.0,Monthly,5.0,47.0,246.0,Moderate,1
STUDENT-001725,,24.0,Female,28.0,Annually,3.0,,273.0,Moderate,0
STUDENT-001726,Stip,,,26.0,Monthly,6.0,,381.0,Moderate,0
STUDENT-001727,Tetovo,33.0,Female,17.0,Monthly,,,325.0,High,1
STUDENT-001728,,30.0,Female,13.0,Annually,9.0,83.0,710.0,Low,1
STUDENT-001729,Skopje,27.0,,7.0,Monthly,4.0,62.0,,Moderate,1
STUDENT-001730,Veles,25.0,Male,12.0,Monthly,4.0,,406.0,,1
STUDENT-001731,Stip,27.0,Female,20.0,Quarterly,9.0,,168.0,High,1
STUDENT-001732,Kumanovo,19.0,Female,10.0,Quarterly,6.0,53.0,360.0,Moderate,1
STUDENT-001733,Veles,30.0,Male,21.0,Annually,6.0,65.0,,,1
STUDENT-001734,Veles,18.0,Female,,Annually,4.0,76.0,338.0,Moderate,1
STUDENT-001735,Veles,30.0,Female,1.0,Quarterly,4.0,71.0,402.0,Moderate,1
STUDENT-001736,,32.0,Male,29.0,Monthly,6.0,70.0,476.0,Moderate,1
STUDENT-001737,Skopje,26.0,Male,14.0,Monthly,8.0,75.0,623.0,High,1
STUDENT-001738,Skopje,23.0,Male,9.0,Annually,9.0,67.0,,Moderate,1
STUDENT-001739,Bitola,27.0,Male,6.0,Monthly,7.0,30.0,234.0,Moderate,1
STUDENT-001740,Prilep,18.0,Male,25.0,Quarterly,13.0,81.0,1093.0,High,1
STUDENT-001741,Kumanovo,26.0,Male,36.0,Monthly,,47.0,,Moderate,1
STUDENT-001742,Prilep,,Male,15.0,Quarterly,2.0,64.0,83.0,Moderate,0
STUDENT-001743,Skopje,24.0,Male,17.0,Monthly,4.0,62.0,175.0,Moderate,0
STUDENT-001744,Bitola,29.0,Female,32.0,Monthly,11.0,60.0,,Moderate,1
STUDENT-001745,Stip,24.0,,1.0,Quarterly,,43.0,,Moderate,0
STUDENT-001746,Stip,18.0,Female,43.0,Quarterly,5.0,,121.0,Moderate,0
STUDENT-001747,Prilep,24.0,Female,49.0,Monthly,6.0,44.0,118.0,Moderate,0
STUDENT-001748,Veles,25.0,Female,1.0,Quarterly,3.0,,265.0,Moderate,0
STUDENT-001749,Kumanovo,25.0,Female,18.0,Monthly,6.0,38.0,297.0,Moderate,1
STUDENT-001750,Stip,25.0,Female,11.0,Monthly,,46.0,372.0,,1
STUDENT-001751,Stip,31.0,,16.0,Monthly,11.0,66.0,835.0,Moderate,1
STUDENT-001752,Kumanovo,18.0,Female,14.0,Quarterly,6.0,44.0,344.0,High,1
STUDENT-001753,Prilep,26.0,Male,29.0,Annually,5.0,51.0,,,1
STUDENT-001754,Kumanovo,32.0,Female,18.0,Quarterly,3.0,61.0,176.0,High,0
STUDENT-001755,Ohrid,18.0,Female,9.0,Annually,8.0,,491.0,,1
STUDENT-001756,Ohrid,26.0,Male,17.0,Quarterly,8.0,44.0,385.0,Moderate,1
STUDENT-001757,Tetovo,21.0,,26.0,Annually,8.0,62.0,487.0,Moderate,1
STUDENT-001758,Tetovo,22.0,Female,5.0,Annually,7.0,65.0,,Low,1
STUDENT-001759,Tetovo,19.0,Male,1.0,Monthly,6.0,40.0,277.0,,1
STUDENT-001760,Prilep,23.0,Male,43.0,Monthly,9.0,63.0,553.0,High,1
STUDENT-001761,Prilep,36.0,Male,,Monthly,,49.0,,Very High,1
STUDENT-001762,Skopje,18.0,Male,18.0,Quarterly,9.0,,535.0,Moderate,1
STUDENT-001763,Tetovo,18.0,,15.0,Quarterly,13.0,70.0,911.0,Moderate,1
STUDENT-001764,Tetovo,18.0,Female,26.0,Monthly,9.0,57.0,454.0,,1
STUDENT-001765,Stip,35.0,Male,41.0,Annually,3.0,73.0,202.0,High,1
STUDENT-001766,Tetovo,22.0,Male,26.0,Annually,3.0,71.0,342.0,Moderate,1
STUDENT-001767,Prilep,24.0,Male,1.0,Monthly,4.0,73.0,237.0,Very High,0
STUDENT-001768,Skopje,22.0,Male,3.0,Monthly,5.0,66.0,356.0,Moderate,0
STUDENT-001769,Bitola,19.0,Female,15.0,Monthly,,76.0,352.0,Moderate,0
STUDENT-001770,Ohrid,23.0,Female,16.0,Monthly,9.0,65.0,452.0,Moderate,1
STUDENT-001771,Prilep,39.0,Male,1.0,Monthly,,34.0,305.0,High,0
STUDENT-001772,Ohrid,33.0,Female,29.0,Quarterly,7.0,48.0,302.0,,0
STUDENT-001773,,19.0,Male,6.0,Monthly,4.0,,243.0,Moderate,0
STUDENT-001774,Veles,28.0,Female,37.0,Quarterly,8.0,58.0,523.0,Moderate,1
STUDENT-001775,,20.0,Female,41.0,Monthly,8.0,65.0,,,1
STUDENT-001776,,18.0,Female,17.0,Monthly,5.0,47.0,254.0,High,1
STUDENT-001777,Bitola,31.0,Female,25.0,Monthly,5.0,90.0,397.0,Moderate,1
STUDENT-001778,Ohrid,31.0,Female,5.0,Quarterly,7.0,,448.0,High,1
STUDENT-001779,Kumanovo,31.0,Male,27.0,Quarterly,5.0,59.0,283.0,Moderate,1
STUDENT-001780,Skopje,,Male,14.0,Annually,7.0,49.0,223.0,Moderate,1
STUDENT-001781,Ohrid,23.0,Male,6.0,Monthly,7.0,44.0,,Low,0
STUDENT-001782,Skopje,29.0,Female,16.0,Annually,4.0,58.0,299.0,Moderate,1
STUDENT-001783,Stip,27.0,Female,14.0,Monthly,8.0,60.0,,,1
STUDENT-001784,Kumanovo,22.0,Female,16.0,Monthly,6.0,58.0,478.0,Moderate,1
STUDENT-001785,Bitola,18.0,Female,31.0,Annually,4.0,84.0,382.0,,1
STUDENT-001786,Bitola,25.0,Male,10.0,Quarterly,10.0,58.0,610.0,Moderate,1
STUDENT-001787,Skopje,31.0,,40.0,Monthly,7.0,58.0,471.0,Moderate,1
STUDENT-001788,Prilep,18.0,Female,4.0,Quarterly,6.0,72.0,378.0,High,0
STUDENT-001789,Veles,28.0,Male,39.0,Quarterly,9.0,,412.0,Moderate,1
STUDENT-001790,,26.0,,7.0,Annually,7.0,68.0,447.0,,0
STUDENT-001791,Stip,29.0,Male,19.0,Quarterly,3.0,40.0,196.0,Moderate,0
STUDENT-001792,Ohrid,30.0,Male,14.0,Monthly,9.0,40.0,320.0,Moderate,0
STUDENT-001793,Ohrid,20.0,Female,15.0,Quarterly,3.0,61.0,210.0,High,0
STUDENT-001794,Prilep,18.0,Female,29.0,Monthly,1.0,56.0,90.0,High,0
STUDENT-001795,Bitola,21.0,,37.0,Monthly,10.0,47.0,484.0,Moderate,1
STUDENT-001796,Stip,30.0,Male,34.0,Quarterly,9.0,61.0,472.0,High,0
STUDENT-001797,Bitola,21.0,Female,15.0,Annually,9.0,63.0,,,1
STUDENT-001798,Prilep,20.0,Female,22.0,Monthly,2.0,49.0,72.0,High,0
STUDENT-001799,Tetovo,18.0,Male,10.0,Annually,9.0,52.0,570.0,Moderate,1
STUDENT-001800,Skopje,35.0,Female,8.0,Quarterly,11.0,63.0,761.0,Moderate,1
STUDENT-001801,Prilep,29.0,Male,6.0,Annually,7.0,44.0,,,1
STUDENT-001802,Prilep,29.0,Male,14.0,Monthly,,,405.0,Moderate,1
STUDENT-001803,Ohrid,,Male,22.0,Monthly,6.0,68.0,428.0,Moderate,0
STUDENT-001804,Bitola,28.0,Male,1.0,Monthly,4.0,59.0,135.0,High,0
STUDENT-001805,Skopje,23.0,Female,19.0,Monthly,1.0,52.0,47.0,Moderate,1
STUDENT-001806,Skopje,24.0,Male,38.0,Monthly,5.0,46.0,328.0,,1
STUDENT-001807,Prilep,22.0,Male,33.0,Monthly,12.0,44.0,478.0,Moderate,1
STUDENT-001808,Skopje,40.0,Male,12.0,Monthly,5.0,58.0,285.0,Moderate,1
STUDENT-001809,Stip,28.0,Male,3.0,Monthly,9.0,90.0,728.0,Moderate,1
STUDENT-001810,Bitola,22.0,Male,25.0,Annually,6.0,68.0,335.0,,1
STUDENT-001811,Kumanovo,27.0,Male,,Annually,9.0,40.0,309.0,Moderate,0
STUDENT-001812,,18.0,Female,33.0,Monthly,,,,High,1
STUDENT-001813,Prilep,34.0,Male,17.0,Monthly,,48.0,298.0,Moderate,1
STUDENT-001814,Stip,21.0,Female,41.0,Monthly,6.0,59.0,458.0,,1
STUDENT-001815,Skopje,28.0,,1.0,Monthly,3.0,51.0,,Moderate,1
STUDENT-001816,,31.0,Female,31.0,Annually,5.0,90.0,,Moderate,1
STUDENT-001817,Ohrid,27.0,,18.0,Monthly,8.0,,401.0,High,1
STUDENT-001818,Bitola,25.0,Male,16.0,Monthly,2.0,,61.0,Moderate,0
STUDENT-001819,Ohrid,25.0,Male,3.0,Monthly,7.0,,293.0,Moderate,0
STUDENT-001820,,24.0,Female,27.0,Quarterly,2.0,71.0,187.0,High,1
STUDENT-001821,Veles,21.0,Male,28.0,Quarterly,9.0,64.0,,Moderate,1
STUDENT-001822,Ohrid,22.0,Female,41.0,Monthly,5.0,78.0,431.0,Moderate,1
STUDENT-001823,Stip,33.0,Male,32.0,Monthly,7.0,70.0,590.0,Moderate,1
STUDENT-001824,Veles,24.0,Male,12.0,Monthly,2.0,49.0,10.0,,0
STUDENT-001825,Stip,,,7.0,Quarterly,5.0,103.0,493.0,Moderate,1
STUDENT-001826,Skopje,21.0,Female,3.0,Monthly,5.0,68.0,,High,1
STUDENT-001827,Stip,31.0,Male,37.0,Annually,3.0,51.0,121.0,Moderate,1
STUDENT-001828,Tetovo,29.0,Female,10.0,Quarterly,,63.0,215.0,Moderate,1
STUDENT-001829,Stip,28.0,Female,37.0,Monthly,3.0,69.0,177.0,High,0
STUDENT-001830,Ohrid,23.0,Male,26.0,Quarterly,2.0,68.0,135.0,Moderate,1
STUDENT-001831,Stip,28.0,Male,23.0,Monthly,7.0,67.0,478.0,Low,1
STUDENT-001832,Tetovo,21.0,Male,16.0,Monthly,4.0,74.0,353.0,High,0
STUDENT-001833,Skopje,23.0,Male,27.0,Monthly,,,,Moderate,1
STUDENT-001834,Prilep,,Female,19.0,Quarterly,5.0,,302.0,,0
STUDENT-001835,Bitola,30.0,Male,15.0,Quarterly,5.0,91.0,419.0,Moderate,0
STUDENT-001836,Stip,19.0,Male,28.0,Annually,9.0,89.0,,High,1
STUDENT-001837,,,Female,,Monthly,6.0,72.0,,Moderate,1
STUDENT-001838,Bitola,25.0,Female,,Monthly,7.0,,447.0,Moderate,0
STUDENT-001839,Tetovo,35.0,Female,27.0,Quarterly,8.0,60.0,531.0,Moderate,1
STUDENT-001840,Prilep,18.0,Female,19.0,Monthly,7.0,,472.0,High,1
STUDENT-001841,Skopje,26.0,Male,25.0,Monthly,6.0,57.0,359.0,,0
STUDENT-001842,Veles,18.0,Female,14.0,Annually,9.0,,315.0,High,1
STUDENT-001843,Veles,21.0,Male,5.0,Monthly,7.0,82.0,656.0,High,1
STUDENT-001844,,22.0,Male,40.0,Annually,7.0,77.0,492.0,,1
STUDENT-001845,Tetovo,22.0,,38.0,Monthly,5.0,34.0,,Moderate,1
STUDENT-001846,Prilep,21.0,,30.0,Monthly,6.0,73.0,,Moderate,1
STUDENT-001847,Tetovo,25.0,Female,15.0,Monthly,8.0,59.0,,High,1
STUDENT-001848,Tetovo,21.0,Male,16.0,Annually,3.0,57.0,201.0,Low,1
STUDENT-001849,Bitola,,Female,36.0,Monthly,6.0,,,Moderate,1
STUDENT-001850,Skopje,29.0,Female,15.0,Monthly,5.0,33.0,84.0,Moderate,0
STUDENT-001851,Ohrid,29.0,Male,,Monthly,6.0,,315.0,Moderate,1
STUDENT-001852,Prilep,,,42.0,Annually,8.0,61.0,427.0,Moderate,1
STUDENT-001853,Bitola,18.0,Male,19.0,Annually,4.0,61.0,269.0,,1
STUDENT-001854,Skopje,26.0,Female,41.0,Quarterly,7.0,39.0,250.0,Moderate,0
STUDENT-001855,Veles,29.0,Male,3.0,Monthly,,66.0,269.0,High,0
STUDENT-001856,Ohrid,18.0,Male,26.0,Quarterly,3.0,75.0,,High,0
STUDENT-001857,Tetovo,,Male,44.0,Monthly,,66.0,298.0,Low,1
STUDENT-001858,Tetovo,24.0,Male,20.0,Monthly,6.0,56.0,389.0,Moderate,1
STUDENT-001859,Kumanovo,36.0,Female,16.0,Monthly,1.0,100.0,,High,0
STUDENT-001860,Kumanovo,36.0,Female,5.0,Quarterly,7.0,46.0,278.0,Moderate,0
STUDENT-001861,Ohrid,18.0,Male,32.0,Monthly,5.0,71.0,276.0,High,0
STUDENT-001862,,39.0,Female,10.0,Monthly,6.0,63.0,,Moderate,1
STUDENT-001863,,19.0,Female,,Quarterly,6.0,90.0,,Moderate,1
STUDENT-001864,Veles,30.0,Female,,Monthly,3.0,,269.0,Moderate,0
STUDENT-001865,Prilep,30.0,Female,38.0,Quarterly,7.0,69.0,,Moderate,1
STUDENT-001866,Skopje,19.0,Male,33.0,Quarterly,4.0,67.0,234.0,Moderate,1
STUDENT-001867,Veles,27.0,Male,19.0,Monthly,5.0,,115.0,Moderate,0
STUDENT-001868,Skopje,,Female,6.0,Monthly,10.0,,,High,0
STUDENT-001869,Veles,28.0,Female,38.0,Monthly,2.0,55.0,,High,1
STUDENT-001870,Skopje,26.0,Female,15.0,Monthly,10.0,74.0,,,1
STUDENT-001871,Bitola,32.0,Female,6.0,Quarterly,,63.0,,Moderate,0
STUDENT-001872,Tetovo,25.0,,1.0,Quarterly,9.0,,537.0,Moderate,1
STUDENT-001873,Stip,23.0,Female,12.0,Monthly,3.0,80.0,181.0,Moderate,0
STUDENT-001874,Prilep,31.0,Male,2.0,Monthly,5.0,30.0,77.0,,0
STUDENT-001875,Skopje,28.0,Male,12.0,Quarterly,,40.0,244.0,Moderate,1
STUDENT-001876,Bitola,29.0,Male,28.0,Monthly,4.0,30.0,157.0,,1
STUDENT-001877,Stip,21.0,Male,15.0,Annually,12.0,,929.0,Very High,1
STUDENT-001878,Kumanovo,18.0,Female,24.0,Quarterly,9.0,58.0,456.0,High,0
STUDENT-001879,,21.0,Male,11.0,Annually,,74.0,,Moderate,1
STUDENT-001880,Prilep,,Female,20.0,Monthly,4.0,58.0,,Moderate,1
STUDENT-001881,Ohrid,29.0,Female,43.0,Annually,9.0,75.0,711.0,High,1
STUDENT-001882,Bitola,30.0,Female,15.0,Monthly,,58.0,644.0,Moderate,1
STUDENT-001883,Veles,24.0,Female,24.0,Monthly,,66.0,456.0,Moderate,1
STUDENT-001884,Tetovo,33.0,Male,1.0,Monthly,,63.0,313.0,Moderate,1
STUDENT-001885,Bitola,33.0,Male,38.0,Monthly,8.0,65.0,587.0,,1
STUDENT-001886,Kumanovo,26.0,Male,14.0,Annually,7.0,85.0,533.0,Moderate,1
STUDENT-001887,Prilep,20.0,Male,32.0,Quarterly,,35.0,351.0,Moderate,1
STUDENT-001888,Skopje,34.0,Female,18.0,Quarterly,11.0,,576.0,High,1
STUDENT-001889,Prilep,24.0,Male,27.0,Quarterly,4.0,62.0,,High,0
STUDENT-001890,Bitola,25.0,Male,28.0,Quarterly,5.0,60.0,381.0,Moderate,1
STUDENT-001891,Bitola,22.0,,14.0,Quarterly,12.0,54.0,605.0,Moderate,1
STUDENT-001892,Stip,19.0,Female,,Annually,2.0,51.0,,Moderate,1
STUDENT-001893,Kumanovo,18.0,Female,10.0,Quarterly,7.0,82.0,512.0,High,1
STUDENT-001894,Bitola,28.0,Male,,Quarterly,,,315.0,Moderate,1
STUDENT-001895,Veles,20.0,Female,15.0,Monthly,4.0,96.0,493.0,Moderate,1
STUDENT-001896,Tetovo,43.0,Female,24.0,Annually,6.0,67.0,494.0,High,1
STUDENT-001897,Veles,18.0,Female,14.0,Monthly,4.0,,225.0,Moderate,0
STUDENT-001898,,18.0,Male,20.0,Monthly,3.0,,262.0,High,0
STUDENT-001899,Ohrid,28.0,Female,7.0,Annually,,61.0,667.0,High,1
STUDENT-001900,Tetovo,34.0,Male,22.0,Monthly,5.0,80.0,,Moderate,1
STUDENT-001901,Tetovo,25.0,Male,20.0,Monthly,9.0,42.0,353.0,Moderate,1
STUDENT-001902,Kumanovo,28.0,Female,,Monthly,,32.0,,Moderate,0
STUDENT-001903,Bitola,18.0,Female,19.0,Monthly,8.0,65.0,492.0,Moderate,1
STUDENT-001904,Ohrid,20.0,Male,21.0,Monthly,8.0,72.0,555.0,Moderate,1
STUDENT-001905,,18.0,Female,12.0,Annually,4.0,,228.0,High,1
STUDENT-001906,Ohrid,18.0,Male,18.0,Quarterly,9.0,70.0,641.0,Moderate,1
STUDENT-001907,Bitola,,,7.0,Annually,5.0,67.0,311.0,Moderate,1
STUDENT-001908,Skopje,18.0,Female,48.0,Quarterly,5.0,37.0,214.0,Low,1
STUDENT-001909,Stip,18.0,Female,32.0,Annually,9.0,,547.0,Moderate,1
STUDENT-001910,Skopje,21.0,Female,23.0,Monthly,,79.0,521.0,Moderate,1
STUDENT-001911,Stip,20.0,Female,34.0,Quarterly,5.0,62.0,,High,1
STUDENT-001912,Skopje,27.0,Female,1.0,Monthly,5.0,40.0,,High,0
STUDENT-001913,Veles,26.0,Female,1.0,Monthly,6.0,54.0,457.0,Moderate,1
STUDENT-001914,Ohrid,30.0,Female,15.0,Monthly,3.0,68.0,271.0,Moderate,1
STUDENT-001915,,29.0,Male,3.0,Monthly,6.0,86.0,644.0,Moderate,1
STUDENT-001916,,31.0,Female,17.0,Quarterly,6.0,30.0,176.0,Moderate,1
STUDENT-001917,,24.0,Male,22.0,Quarterly,7.0,65.0,355.0,,1
STUDENT-001918,Prilep,26.0,Female,31.0,Monthly,,,,Moderate,1
STUDENT-001919,Tetovo,28.0,Male,6.0,Monthly,1.0,67.0,30.0,Moderate,0
STUDENT-001920,Prilep,25.0,Male,24.0,Monthly,1.0,68.0,10.0,Low,0
STUDENT-001921,Tetovo,22.0,Female,20.0,Annually,6.0,56.0,204.0,High,0
STUDENT-001922,,23.0,Male,24.0,Monthly,5.0,69.0,406.0,Moderate,1
STUDENT-001923,Prilep,,Male,13.0,Annually,10.0,77.0,658.0,High,1
STUDENT-001924,Ohrid,27.0,Female,36.0,Annually,7.0,57.0,,Moderate,1
STUDENT-001925,Bitola,24.0,Male,18.0,Monthly,8.0,39.0,,High,0
STUDENT-001926,,21.0,Male,41.0,Monthly,7.0,81.0,520.0,Moderate,1
STUDENT-001927,Bitola,21.0,Female,10.0,Quarterly,8.0,,599.0,Moderate,0
STUDENT-001928,Bitola,18.0,Male,28.0,Annually,9.0,68.0,588.0,Moderate,1
STUDENT-001929,Stip,,Male,,Monthly,4.0,49.0,,Moderate,0
STUDENT-001930,,25.0,Male,16.0,Monthly,8.0,,,High,1
STUDENT-001931,Prilep,19.0,Male,27.0,Annually,4.0,,,Moderate,0
STUDENT-001932,Veles,29.0,,16.0,Quarterly,7.0,,473.0,Moderate,0
STUDENT-001933,Stip,,Male,1.0,Monthly,7.0,61.0,424.0,Moderate,0
STUDENT-001934,Bitola,18.0,Female,1.0,Quarterly,,44.0,,Moderate,0
STUDENT-001935,,31.0,Female,35.0,Annually,,49.0,,High,0
STUDENT-001936,Ohrid,,Male,34.0,Monthly,1.0,43.0,0.0,Moderate,0
STUDENT-001937,Tetovo,22.0,Male,42.0,Monthly,9.0,61.0,553.0,High,1
STUDENT-001938,Stip,25.0,Female,19.0,Monthly,8.0,54.0,,High,1
STUDENT-001939,Bitola,31.0,Female,4.0,Monthly,11.0,65.0,722.0,Moderate,1
STUDENT-001940,Bitola,25.0,Male,14.0,Annually,,46.0,,,0
STUDENT-001941,Ohrid,18.0,,,Monthly,6.0,57.0,386.0,Moderate,1
STUDENT-001942,Veles,28.0,Male,,Annually,2.0,45.0,,High,0
STUDENT-001943,Skopje,22.0,Female,39.0,Quarterly,8.0,62.0,,Moderate,1
STUDENT-001944,Prilep,,,46.0,Monthly,5.0,35.0,187.0,Moderate,1
STUDENT-001945,Skopje,24.0,Female,25.0,Annually,6.0,62.0,374.0,Moderate,1
STUDENT-001946,Bitola,18.0,Male,19.0,Quarterly,11.0,55.0,,Moderate,1
STUDENT-001947,Stip,27.0,Male,4.0,Monthly,9.0,62.0,531.0,High,1
STUDENT-001948,Skopje,36.0,Male,38.0,Monthly,4.0,35.0,152.0,,0
STUDENT-001949,Ohrid,34.0,,20.0,Monthly,5.0,69.0,314.0,Moderate,1
STUDENT-001950,,35.0,Male,16.0,Monthly,11.0,55.0,491.0,Moderate,1
STUDENT-001951,Tetovo,18.0,Female,25.0,Monthly,5.0,63.0,,Moderate,0
STUDENT-001952,,30.0,Male,12.0,Quarterly,7.0,31.0,183.0,High,0
STUDENT-001953,Prilep,20.0,Female,21.0,Monthly,,,,Moderate,1
STUDENT-001954,Stip,26.0,Male,,Monthly,7.0,54.0,332.0,,1
STUDENT-001955,,18.0,Male,33.0,Monthly,4.0,80.0,276.0,Moderate,1
STUDENT-001956,Tetovo,21.0,Female,18.0,Monthly,6.0,,339.0,Moderate,0
STUDENT-001957,,20.0,Female,33.0,Annually,3.0,61.0,,Moderate,0
STUDENT-001958,Kumanovo,30.0,Male,17.0,Monthly,6.0,46.0,,Moderate,1
STUDENT-001959,Bitola,29.0,Female,18.0,Monthly,6.0,43.0,259.0,High,1
STUDENT-001960,Veles,26.0,Male,5.0,Monthly,3.0,64.0,,Moderate,0
STUDENT-001961,Stip,18.0,Male,29.0,Annually,7.0,,388.0,High,1
STUDENT-001962,Bitola,23.0,Male,9.0,Annually,6.0,,425.0,Moderate,1
STUDENT-001963,Veles,,Male,14.0,Annually,5.0,85.0,,Moderate,1
STUDENT-001964,Veles,30.0,,20.0,Annually,0.0,49.0,0.0,Moderate,0
STUDENT-001965,Kumanovo,32.0,Male,21.0,Quarterly,3.0,62.0,187.0,Moderate,1
STUDENT-001966,,31.0,Female,1.0,Annually,12.0,34.0,387.0,High,1
STUDENT-001967,Prilep,20.0,,17.0,Monthly,5.0,63.0,,Moderate,0
STUDENT-001968,Veles,18.0,Male,29.0,Annually,4.0,,245.0,High,0
STUDENT-001969,Bitola,18.0,Male,15.0,Annually,4.0,44.0,196.0,Moderate,1
STUDENT-001970,Veles,33.0,Male,,Annually,,72.0,320.0,Moderate,1
STUDENT-001971,Stip,22.0,Female,21.0,Quarterly,8.0,81.0,678.0,Moderate,1
STUDENT-001972,Kumanovo,20.0,Female,18.0,Annually,4.0,49.0,204.0,Moderate,1
STUDENT-001973,Ohrid,34.0,Female,7.0,Monthly,2.0,67.0,196.0,Moderate,0
STUDENT-001974,Tetovo,32.0,Male,19.0,Quarterly,5.0,83.0,,Low,0
STUDENT-001975,Skopje,25.0,Male,31.0,Monthly,5.0,63.0,328.0,Moderate,1
STUDENT-001976,Stip,23.0,Female,7.0,Quarterly,3.0,71.0,251.0,,1
STUDENT-001977,Ohrid,24.0,,15.0,Quarterly,,33.0,160.0,,1
STUDENT-001978,Skopje,26.0,Female,3.0,Monthly,8.0,68.0,,Moderate,1
STUDENT-001979,,34.0,Male,,Monthly,5.0,67.0,,High,1
STUDENT-001980,Kumanovo,27.0,Male,18.0,Monthly,4.0,,,Moderate,0
STUDENT-001981,Tetovo,29.0,Female,9.0,Quarterly,7.0,,212.0,Moderate,1
STUDENT-001982,Skopje,32.0,Female,21.0,Quarterly,10.0,,645.0,Moderate,1
STUDENT-001983,Veles,18.0,Female,,Quarterly,8.0,55.0,430.0,Moderate,1
STUDENT-001984,Kumanovo,,Male,7.0,Monthly,6.0,76.0,505.0,Moderate,1
STUDENT-001985,Veles,23.0,Female,2.0,Annually,8.0,64.0,502.0,High,0
STUDENT-001986,Veles,18.0,Female,7.0,Quarterly,6.0,60.0,324.0,Moderate,0
STUDENT-001987,Bitola,18.0,Female,36.0,Monthly,3.0,57.0,78.0,,0
STUDENT-001988,Bitola,18.0,Female,11.0,Monthly,,64.0,503.0,Moderate,1
STUDENT-001989,,28.0,Female,25.0,Quarterly,2.0,72.0,162.0,High,0
STUDENT-001990,Tetovo,25.0,Female,9.0,Monthly,2.0,68.0,188.0,Moderate,0
STUDENT-001991,Prilep,26.0,Male,29.0,Monthly,6.0,53.0,292.0,Moderate,0
STUDENT-001992,Ohrid,,Male,7.0,Monthly,4.0,,,High,1
STUDENT-001993,Kumanovo,18.0,Female,,Monthly,,69.0,357.0,Moderate,1
STUDENT-001994,Veles,24.0,Male,20.0,Monthly,8.0,65.0,,Moderate,1
STUDENT-001995,Skopje,26.0,Male,47.0,Monthly,6.0,61.0,347.0,Moderate,0
STUDENT-001996,,20.0,Female,27.0,Annually,10.0,67.0,,,1
STUDENT-001997,Stip,25.0,Male,12.0,Quarterly,5.0,32.0,168.0,Moderate,0
STUDENT-001998,Ohrid,18.0,Female,28.0,Monthly,5.0,63.0,207.0,Moderate,0
STUDENT-001999,Ohrid,33.0,Female,45.0,Quarterly,7.0,,645.0,High,1
